work_id,work_type,year,n_amendment_operations,n_history_witnesses,operation_families,latest_version_id
act_public_1858_38,act_public,2007,5,5,substituted:5,act_public_1858_38_en_2007-09-03
act_public_1858_51,act_public,2007,2,2,substituted:2,act_public_1858_51_en_2007-09-03
act_public_1871_23,act_public,2017,2,2,repealed:2,act_public_1871_23_en_2017-06-03
act_public_1871_24,act_public,2007,17,17,__missing__:1;substituted:16,act_public_1871_24_en_2007-09-03
act_public_1872_13,act_public,2017,12,12,repealed:12,act_public_1872_13_en_2017-06-03
act_public_1872_64,act_public,2007,6,6,repealed:3;substituted:3,act_public_1872_64_en_2007-09-03
act_public_1873_21,act_public,2007,2,2,substituted:2,act_public_1873_21_en_2007-09-03
act_public_1873_49,act_public,2007,8,8,amended:1;substituted:7,act_public_1873_49_en_2007-09-03
act_public_1874_34,act_public,2007,6,6,repealed:2;substituted:4,act_public_1874_34_en_2007-09-03
act_public_1874_41,act_public,2007,2,2,substituted:2,act_public_1874_41_en_2007-09-03
act_public_1874_44,act_public,2007,2,2,substituted:2,act_public_1874_44_en_2007-09-03
act_public_1875_27,act_public,2007,2,2,repealed:2,act_public_1875_27_en_2007-09-03
act_public_1875_34,act_public,2007,12,12,__missing__:1;amended:1;repealed:9;substituted:1,act_public_1875_34_en_2007-09-03B
act_public_1875_45,act_public,2007,2,2,repealed:2,act_public_1875_45_en_2007-09-03
act_public_1875_56,act_public,2007,31,31,repealed:28;substituted:3,act_public_1875_56_en_2007-09-03
act_public_1875_62,act_public,2007,1,1,substituted:1,act_public_1875_62_en_2007-09-03
act_public_1876_10,act_public,2007,1,1,substituted:1,act_public_1876_10_en_2007-09-03
act_public_1876_23,act_public,2007,2,2,substituted:2,act_public_1876_23_en_2007-09-03
act_public_1876_24,act_public,2007,5,5,amended:2;repealed:1;substituted:2,act_public_1876_24_en_2007-09-03
act_public_1876_31,act_public,2007,3,3,amended:1;repealed:2,act_public_1876_31_en_2007-09-03
act_public_1876_57,act_public,2007,3,3,amended:1;repealed:2,act_public_1876_57_en_2007-09-03
act_public_1876_72,act_public,2007,7,7,repealed:6;substituted:1,act_public_1876_72_en_2007-09-03
act_public_1876_79,act_public,2007,7,7,__missing__:1;inserted:3;substituted:3,act_public_1876_79_en_2007-09-03
act_public_1876_86,act_public,2021,61,61,amended:2;repealed:57;substituted:2,act_public_1876_86_en_2021-10-28
act_public_1876_97,act_public,2003,60,60,repealed:60,act_public_1876_97_en_2003-07-01
act_public_1878_33,act_public,2021,2,2,__missing__:1;inserted:1,act_public_1878_33_en_2021-10-28
act_public_1879_23,act_public,2007,1,1,amended:1,act_public_1879_23_en_2007-09-03
act_public_1885_33,act_public,2018,29,29,amended:11;inserted:4;repealed:2;replaced:12,act_public_1885_33_en_2018-11-12
act_public_1886_42,act_public,2007,3,3,amended:1;substituted:2,act_public_1886_42_en_2007-09-03
act_public_1887_1,act_public,2021,1,1,inserted:1,act_public_1887_1_en_2021-10-28
act_public_1888_14,act_public,2007,1,1,repealed:1,act_public_1888_14_en_2007-09-03
act_public_1890_33,act_public,2007,8,8,repealed:2;substituted:6,act_public_1890_33_en_2007-09-03
act_public_1892_11,act_public,1993,26,26,amended:25;repealed:1,act_public_1892_11_en_1993-09-15
act_public_1893_14,act_public,2007,1,1,amended:1,act_public_1893_14_en_2007-09-03
act_public_1893_48,act_public,2007,2,2,substituted:2,act_public_1893_48_en_2007-09-03
act_public_1896_21,act_public,2007,2,2,__unclassified__:2,act_public_1896_21_en_2007-09-03
act_public_1897_28,act_public,2007,5,5,amended:1;repealed:1;substituted:3,act_public_1897_28_en_2007-09-03
act_public_1898_39,act_public,2020,45,45,amended:4;repealed:34;substituted:7,act_public_1898_39_en_2020-08-01
act_public_1901_51,act_public,2007,2,2,substituted:2,act_public_1901_51_en_2007-09-03
act_public_1901_70,act_public,2007,10,10,amended:1;repealed:9,act_public_1901_70_en_2007-09-03
act_public_1901_71,act_public,2015,43,43,__unclassified__:2;repealed:33;substituted:8,act_public_1901_71_en_2015-09-23
act_public_1904_59,act_public,2007,4,4,repealed:4,act_public_1904_59_en_2007-09-03
act_public_1905_19,act_public,2007,5,5,substituted:5,act_public_1905_19_en_2007-09-03
act_public_1905_48,act_public,2007,1,1,substituted:1,act_public_1905_48_en_2007-09-03
act_public_1905_59,act_public,2007,5,5,amended:1;repealed:1;substituted:3,act_public_1905_59_en_2007-09-03
act_public_1906_60,act_public,2007,29,29,__unclassified__:21;repealed:2;replaced:1;substituted:5,act_public_1906_60_en_2007-09-03
act_public_1907_40,act_public,2017,1,1,repealed:1,act_public_1907_40_en_2017-06-03
act_public_1907_54,act_public,2007,2,2,substituted:2,act_public_1907_54_en_2007-09-03
act_public_1907_72,act_public,2007,29,29,__unclassified__:2;repealed:7;substituted:20,act_public_1907_72_en_2007-09-03
act_public_1908_101,act_public,2014,296,296,__missing__:1;__unclassified__:1;amended:7;inserted:2;repealed:277;substituted:8,act_public_1908_101_en_2014-08-08
act_public_1908_103,act_public,2007,16,16,repealed:13;substituted:3,act_public_1908_103_en_2007-09-03
act_public_1908_105,act_public,2021,165,165,amended:38;inserted:22;repealed:100;replaced:5,act_public_1908_105_en_2021-10-28
act_public_1908_112,act_public,2013,5,5,amended:1;repealed:3;replaced:1,act_public_1908_112_en_2013-07-01
act_public_1908_117,act_public,2018,46,46,amended:1;repealed:45,act_public_1908_117_en_2018-10-01
act_public_1908_139,act_public,2020,46,46,amended:11;brought into force:3;inserted:10;repealed:22,act_public_1908_139_en_2020-04-21
act_public_1908_15,act_public,2017,38,38,amended:12;inserted:16;repealed:3;replaced:7,act_public_1908_15_en_2017-03-01
act_public_1908_165,act_public,2023,207,207,__missing__:11;amended:43;inserted:24;repealed:55;substituted:74,act_public_1908_165_en_2023-12-23
act_public_1908_168,act_public,2017,37,37,amended:20;inserted:6;repealed:6;replaced:5,act_public_1908_168_en_2017-09-01
act_public_1908_176,act_public,2011,28,28,__missing__:3;amended:10;inserted:1;repealed:6;substituted:8,act_public_1908_176_en_2011-07-01
act_public_1908_194,act_public,2013,18,18,amended:13;inserted:2;repealed:2;replaced:1,act_public_1908_194_en_2013-08-05
act_public_1908_196,act_public,2026,21,21,amended:9;inserted:3;repealed:3;replaced:6,act_public_1908_196_en_2026-04-05
act_public_1908_212,act_public,2026,76,76,amended:25;inserted:19;repealed:10;replaced:22,act_public_1908_212_en_2026-04-05
act_public_1908_220,act_public,2021,5,5,__unclassified__:1;amended:3;replaced:1,act_public_1908_220_en_2021-10-28
act_public_1908_221,act_public,2007,14,14,repealed:2;substituted:12,act_public_1908_221_en_2007-09-03
act_public_1908_23,act_public,2020,36,36,repealed:31;substituted:5,act_public_1908_23_en_2020-08-07
act_public_1908_25,act_public,2020,41,41,amended:20;editorial change:1;inserted:8;repealed:3;replaced:9,act_public_1908_25_en_2020-08-26B
act_public_1908_257,act_public,2017,1,1,repealed:1,act_public_1908_257_en_2017-06-03
act_public_1908_33,act_public,2018,48,48,__unclassified__:2;amended:35;inserted:3;repealed:5;substituted:3,act_public_1908_33_en_2018-11-12
act_public_1908_36,act_public,2017,363,363,__missing__:1;amended:4;inserted:1;repealed:355;substituted:2,act_public_1908_36_en_2017-06-03
act_public_1908_4,act_public,2017,1,1,repealed:1,act_public_1908_4_en_2017-06-03
act_public_1908_40,act_public,2021,39,39,__missing__:1;amended:14;inserted:3;repealed:5;replaced:1;substituted:15,act_public_1908_40_en_2021-10-28
act_public_1908_47,act_public,2008,13,13,amended:5;repealed:1;substituted:7,act_public_1908_47_en_2008-01-01
act_public_1908_4A,act_public_1908,2021,15,15,amended:3;inserted:7;substituted:5,act_public_1908_4A_en_2021-10-28
act_public_1908_56,act_public,2007,242,242,__missing__:2;__unclassified__:1;amended:43;inserted:65;repealed:109;substituted:22,act_public_1908_56_en_2007-08-01
act_public_1908_80,act_public,2017,19,19,amended:3;repealed:16,act_public_1908_80_en_2017-03-01
act_public_1908_81,act_public,2025,146,146,__missing__:1;__unclassified__:1;amended:54;brought into force:2;inserted:41;repealed:19;replaced:3;substituted:25,act_public_1908_81_en_2025-03-30
act_public_1908_89,act_public,2018,266,266,amended:14;brought into force:1;inserted:6;repealed:241;replaced:4,act_public_1908_89_en_2018-01-01
act_public_1908_96,act_public,2023,132,132,amended:74;inserted:11;repealed:35;replaced:12,act_public_1908_96_en_2023-12-23
act_public_1909_13,act_public,2023,21,21,amended:15;inserted:2;repealed:1;replaced:2;substituted:1,act_public_1909_13_en_2023-04-05
act_public_1910_25,act_public,2012,4,4,repealed:1;substituted:3,act_public_1910_25_en_2012-08-31
act_public_1910_27,act_public,2018,3,3,repealed:2;substituted:1,act_public_1910_27_en_2018-01-01
act_public_1910_28,act_public,2026,18,18,amended:4;repealed:11;replaced:3,act_public_1910_28_en_2026-04-05
act_public_1910_40,act_public,2015,6,6,amended:2;inserted:1;repealed:1;replaced:2,act_public_1910_40_en_2015-11-07
act_public_1910_80,act_public,2007,28,28,amended:2;repealed:11;substituted:15,act_public_1910_80_en_2007-09-03
act_public_1911_29,act_public,2007,11,11,repealed:8;substituted:3,act_public_1911_29_en_2007-09-03
act_public_1912_46,act_public,2007,27,27,amended:2;repealed:12;substituted:13,act_public_1912_46_en_2007-09-03
act_public_1912_7,act_public,2007,6,6,amended:3;substituted:3,act_public_1912_7_en_2007-09-03
act_public_1913_31,act_public,2007,6,6,repealed:6,act_public_1913_31_en_2007-09-03
act_public_1913_35,act_public,2007,8,8,inserted:1;repealed:5;substituted:2,act_public_1913_35_en_2007-09-03
act_public_1913_67,act_public,2007,37,37,amended:2;inserted:1;repealed:19;substituted:15,act_public_1913_67_en_2007-09-03
act_public_1914_19,act_public,2007,1,1,substituted:1,act_public_1914_19_en_2007-09-03
act_public_1914_70,act_public,2007,57,57,__missing__:1;amended:2;repealed:16;substituted:38,act_public_1914_70_en_2007-09-03
act_public_1915_40,act_public,2021,810,810,__missing__:1;amended:86;inserted:16;repealed:689;replaced:16;substituted:2,act_public_1915_40_en_2021-10-28
act_public_1915_42,act_public,2012,7,7,repealed:1;substituted:6,act_public_1915_42_en_2012-04-12
act_public_1915_68,act_public,2021,58,58,amended:7;inserted:1;repealed:13;substituted:37,act_public_1915_68_en_2021-10-28
act_public_1916_14,act_public,2007,63,63,amended:3;inserted:1;repealed:34;substituted:25,act_public_1916_14_en_2007-09-03
act_public_1917_26,act_public,2007,106,106,amended:3;repealed:71;substituted:32,act_public_1917_26_en_2007-09-03
act_public_1918_23,act_public,2007,50,50,__unclassified__:1;inserted:1;repealed:22;substituted:26,act_public_1918_23_en_2007-09-03
act_public_1918_3,act_public,2026,9,9,amended:5;inserted:1;repealed:3,act_public_1918_3_en_2026-04-05
act_public_1919_17,act_public,2018,2,2,amended:2,act_public_1919_17_en_2018-11-12
act_public_1919_18,act_public,2008,1,1,amended:1,act_public_1919_18_en_2008-01-01B
act_public_1919_41,act_public,2013,5,5,inserted:1;repealed:1;replaced:2;substituted:1,act_public_1919_41_en_2013-12-05
act_public_1919_54,act_public,2007,54,54,__missing__:12;amended:11;inserted:2;repealed:12;substituted:17,act_public_1919_54_en_2007-09-03
act_public_1919_7,act_public,2007,8,8,substituted:8,act_public_1919_7_en_2007-09-03
act_public_1920_46,act_public,2012,21,21,amended:1;inserted:6;repealed:3;substituted:11,act_public_1920_46_en_2012-12-12
act_public_1920_50,act_public,2026,6,6,amended:2;inserted:1;repealed:1;substituted:2,act_public_1920_50_en_2026-04-05
act_public_1920_56,act_public,2007,9,9,amended:5;inserted:1;repealed:3,act_public_1920_56_en_2007-09-03
act_public_1920_57,act_public,2021,7,7,amended:4;inserted:3,act_public_1920_57_en_2021-10-28
act_public_1920_75,act_public,2020,53,53,amended:5;repealed:10;substituted:38,act_public_1920_75_en_2020-08-07
act_public_1920_84,act_public,2021,14,14,__unclassified__:1;amended:7;inserted:1;repealed:5,act_public_1920_84_en_2021-10-28
act_public_1921_12,act_public,2021,10,10,amended:6;inserted:2;replaced:2,act_public_1921_12_en_2021-10-28
act_public_1921_14,act_public,2007,13,13,inserted:1;repealed:9;substituted:3,act_public_1921_14_en_2007-09-20
act_public_1921_55,act_public,2007,25,25,amended:4;inserted:1;substituted:20,act_public_1921_55_en_2007-09-03
act_public_1921_59,act_public,2013,64,64,amended:45;inserted:1;repealed:17;replaced:1,act_public_1921_59_en_2013-07-01
act_public_1922_25,act_public,2017,1,1,repealed:1,act_public_1922_25_en_2017-09-01
act_public_1922_27,act_public,2026,3,3,repealed:3,act_public_1922_27_en_2026-04-05
act_public_1922_5,act_public,2007,13,13,amended:4;repealed:7;substituted:2,act_public_1922_5_en_2007-09-03
act_public_1922_50,act_public,2007,92,92,__missing__:1;amended:11;inserted:2;repealed:26;substituted:52,act_public_1922_50_en_2007-09-03
act_public_1922_9,act_public,2021,12,12,inserted:2;repealed:10,act_public_1922_9_en_2021-10-28
act_public_1923_35,act_public,2009,57,57,amended:3;repealed:16;replaced:1;substituted:37,act_public_1923_35_en_2009-08-05
act_public_1923_42,act_public,2007,1,1,repealed:1,act_public_1923_42_en_2007-09-03
act_public_1924_11,act_public,1999,1,1,repealed:1,act_public_1924_11_en_1999-11-01
act_public_1924_3,act_public,2017,5,5,repealed:5,act_public_1924_3_en_2017-06-03
act_public_1924_55,act_public,2007,156,156,__unclassified__:2;amended:7;inserted:1;repealed:67;replaced:5;substituted:74,act_public_1924_55_en_2007-09-03
act_public_1925_25,act_public,2007,3,3,amended:1;repealed:2,act_public_1925_25_en_2007-09-03
act_public_1925_41,act_public,2021,11,11,amended:2;inserted:2;repealed:3;substituted:4,act_public_1925_41_en_2021-10-28
act_public_1925_46,act_public,2007,70,70,amended:3;repealed:15;substituted:52,act_public_1925_46_en_2007-09-03
act_public_1925_5,act_public,2021,6,6,amended:2;inserted:2;substituted:2,act_public_1925_5_en_2021-10-28
act_public_1926_64,act_public,2021,53,53,amended:14;inserted:3;repealed:35;replaced:1,act_public_1926_64_en_2021-10-28
act_public_1927_45,act_public,2013,114,114,amended:28;inserted:4;repealed:69;replaced:13,act_public_1927_45_en_2013-12-05
act_public_1928_18,act_public,2018,23,23,amended:15;inserted:1;repealed:3;replaced:4,act_public_1928_18_en_2018-11-12
act_public_1928_29,act_public,2013,86,86,amended:60;inserted:6;repealed:17;replaced:3,act_public_1928_29_en_2013-12-18
act_public_1930_23,act_public,2018,3,3,amended:1;repealed:1;substituted:1,act_public_1930_23_en_2018-11-12
act_public_1930_40,act_public,2017,44,44,amended:2;repealed:41;substituted:1,act_public_1930_40_en_2017-06-03
act_public_1931_11,act_public,2017,2,2,amended:1;repealed:1,act_public_1931_11_en_2017-06-03
act_public_1931_13,act_public,2021,2,2,repealed:1;replaced:1,act_public_1931_13_en_2021-10-28
act_public_1931_27,act_public,2018,31,31,amended:21;inserted:3;repealed:5;replaced:2,act_public_1931_27_en_2018-11-12
act_public_1931_29,act_public,2017,3,3,amended:2;repealed:1,act_public_1931_29_en_2017-06-03
act_public_1931_32,act_public,2021,168,168,amended:77;inserted:4;repealed:87,act_public_1931_32_en_2021-10-28
act_public_1931_41,act_public,1966,5,5,repealed:5,act_public_1931_41_en_1966-04-01
act_public_1931_43,act_public,1988,4,4,expired:1;repealed:3,act_public_1931_43_en_1988-05-01
act_public_1931_44,act_public,2017,48,48,repealed:48,act_public_1931_44_en_2017-06-03
act_public_1931_5,act_public,2017,50,50,amended:5;repealed:45,act_public_1931_5_en_2017-06-03
act_public_1931_6,act_public,2017,12,12,amended:2;repealed:7;replaced:3,act_public_1931_6_en_2017-06-03
act_public_1932_11,act_public,2017,67,67,amended:5;repealed:62,act_public_1932_11_en_2017-06-03
act_public_1932_18,act_public,2017,9,9,amended:1;repealed:6;substituted:2,act_public_1932_18_en_2017-06-03
act_public_1932_24,act_public,1949,7,7,amended:5;repealed:2,act_public_1932_24_en_1949-04-01
act_public_1932_28,act_public,2021,30,30,amended:5;inserted:14;repealed:5;replaced:6,act_public_1932_28_en_2021-10-28
act_public_1932_39,act_public,2017,1,1,repealed:1,act_public_1932_39_en_2017-06-03
act_public_1932_44,act_public,2021,7,7,amended:3;inserted:2;repealed:1;replaced:1,act_public_1932_44_en_2021-10-28
act_public_1932_46,act_public,1949,6,6,amended:4;repealed:2,act_public_1932_46_en_1949-04-01
act_public_1932_47,act_public,2003,7,7,repealed:6;replaced:1,act_public_1932_47_en_2003-07-01
act_public_1932_8,act_public,2017,65,65,amended:17;inserted:3;repealed:44;replaced:1,act_public_1932_8_en_2017-06-03
act_public_1933_33,act_public,2017,15,15,amended:1;repealed:13;replaced:1,act_public_1933_33_en_2017-06-03
act_public_1933_37,act_public,2017,11,11,repealed:10;substituted:1,act_public_1933_37_en_2017-06-03
act_public_1933_39,act_public,2017,6,6,amended:2;repealed:2;substituted:2,act_public_1933_39_en_2017-06-03
act_public_1933_41,act_public,2017,50,50,repealed:50,act_public_1933_41_en_2017-06-03
act_public_1933_45,act_public,1968,6,6,repealed:6,act_public_1933_45_en_1968-12-17
act_public_1933_46,act_public,2003,13,13,repealed:13,act_public_1933_46_en_2003-07-01
act_public_1933_50,act_public,1956,61,61,amended:31;inserted:1;repealed:27;replaced:2,act_public_1933_50_en_1956-10-25
act_public_1934_11,act_public,2021,78,78,amended:37;inserted:16;repealed:20;replaced:5,act_public_1934_11_en_2021-10-28
act_public_1934_15,act_public,2021,10,10,__missing__:2;amended:5;editorial change:1;inserted:2,act_public_1934_15_en_2021-10-28
act_public_1934_32,act_public,2003,5,5,amended:2;repealed:3,act_public_1934_32_en_2003-07-01
act_public_1934_33,act_public,1950,8,8,amended:1;repealed:7,act_public_1934_33_en_1950-09-04
act_public_1934_37,act_public,2021,21,21,amended:8;inserted:1;repealed:12,act_public_1934_37_en_2021-10-28
act_public_1934_39,act_public,2012,21,21,amended:7;repealed:3;substituted:11,act_public_1934_39_en_2012-08-31
act_public_1934_45,act_public,2021,42,42,amended:33;inserted:3;repealed:1;replaced:5,act_public_1934_45_en_2021-10-28
act_public_1935_30,act_public,1982,5,5,amended:3;repealed:2,act_public_1935_30_en_1982-05-06
act_public_1935_33,act_public,2003,5,5,repealed:5,act_public_1935_33_en_2003-07-01
act_public_1935_34,act_public,2021,204,204,amended:145;editorial change:10;inserted:26;repealed:12;replaced:11,act_public_1935_34_en_2021-10-28
act_public_1935_41,act_public,2017,27,27,repealed:27,act_public_1935_41_en_2017-06-03
act_public_1936_31,act_public,2017,39,39,amended:11;inserted:5;repealed:22;replaced:1,act_public_1936_31_en_2017-03-01
act_public_1936_33,act_public,2017,11,11,amended:7;repealed:4,act_public_1936_33_en_2017-06-03
act_public_1936_49,act_public,1973,4,4,repealed:4,act_public_1936_49_en_1973-04-01
act_public_1936_54,act_public,2003,13,13,amended:3;repealed:10,act_public_1936_54_en_2003-07-01
act_public_1936_56,act_public,2003,46,46,amended:30;repealed:16,act_public_1936_56_en_2003-07-01
act_public_1937_25,act_public,2006,3,3,repealed:3,act_public_1937_25_en_2006-11-14
act_public_1937_30,act_public,2017,5,5,amended:2;repealed:2;substituted:1,act_public_1937_30_en_2017-06-03
act_public_1937_34,act_public,2021,37,37,amended:21;inserted:1;repealed:15,act_public_1937_34_en_2021-10-28
act_public_1937_37,act_public,2023,19,19,amended:13;inserted:3;repealed:2;replaced:1,act_public_1937_37_en_2023-12-23
act_public_1937_39,act_public,1985,14,14,amended:11;repealed:3,act_public_1937_39_en_1985-04-03
act_public_1938_17,act_public,2021,166,166,__missing__:1;__unclassified__:1;amended:120;inserted:9;repealed:8;substituted:27,act_public_1938_17_en_2021-10-28
act_public_1938_18,act_public,1947,5,5,amended:2;repealed:3,act_public_1938_18_en_1947-11-27
act_public_1938_19,act_public,1984,11,11,amended:2;inserted:1;repealed:8,act_public_1938_19_en_1984-01-13
act_public_1938_2,act_public,2008,27,27,amended:11;inserted:10;repealed:3;replaced:3,act_public_1938_2_en_2008-08-01
act_public_1938_20,act_public,2013,48,48,amended:2;repealed:42;substituted:4,act_public_1938_20_en_2013-07-01
act_public_1938_23,act_public,1991,34,34,amended:6;repealed:28,act_public_1938_23_en_1991-06-20
act_public_1938_9,act_public,2010,40,40,amended:11;inserted:8;repealed:1;substituted:20,act_public_1938_9_en_2010-06-01
act_public_1939_17,act_public,2026,3,3,amended:2;replaced:1,act_public_1939_17_en_2026-04-05
act_public_1939_18,act_public,2017,2,2,repealed:2,act_public_1939_18_en_2017-06-03
act_public_1939_23,act_public,1987,4,4,repealed:4,act_public_1939_23_en_1987-12-16
act_public_1939_25,act_public,1995,16,16,amended:2;inserted:4;repealed:10,act_public_1939_25_en_1995-06-30
act_public_1939_28,act_public,1956,29,29,amended:7;repealed:22,act_public_1939_28_en_1956-10-25
act_public_1939_38,act_public,2017,44,44,repealed:44,act_public_1939_38_en_2017-06-03
act_public_1939_39,act_public,2013,81,81,amended:4;inserted:1;repealed:66;substituted:10,act_public_1939_39_en_2013-12-05
act_public_1940_13,act_public,2002,18,18,amended:13;inserted:2;repealed:3,act_public_1940_13_en_2002-03-01
act_public_1940_16,act_public,2003,8,8,amended:4;repealed:4,act_public_1940_16_en_2003-07-01
act_public_1940_19,act_public,2017,19,19,repealed:19,act_public_1940_19_en_2017-06-03
act_public_1940_26,act_public,2017,7,7,repealed:7,act_public_1940_26_en_2017-06-03
act_public_1941_12,act_public,2023,392,392,amended:182;editorial change:2;inserted:46;repealed:119;replaced:43,act_public_1941_12_en_2023-12-23
act_public_1941_20,act_public,2020,15,15,amended:11;replaced:4,act_public_1941_20_en_2020-08-01
act_public_1941_21,act_public,1953,8,8,amended:6;repealed:2,act_public_1941_21_en_1953-04-01
act_public_1941_22,act_public,1956,32,32,amended:8;repealed:24,act_public_1941_22_en_1956-10-25
act_public_1941_23,act_public,2003,1,1,repealed:1,act_public_1941_23_en_2003-07-01
act_public_1941_27,act_public,2017,9,9,inserted:1;repealed:7;replaced:1,act_public_1941_27_en_2017-06-03
act_public_1941_4,act_public,2017,31,31,repealed:31,act_public_1941_4_en_2017-06-03
act_public_1941_6,act_public,2017,9,9,amended:5;repealed:2;replaced:2,act_public_1941_6_en_2017-06-03
act_public_1942_13,act_public,1981,2,2,repealed:2,act_public_1942_13_en_1981-11-19
act_public_1942_14,act_public,2017,25,25,expired:1;repealed:24,act_public_1942_14_en_2017-06-03
act_public_1942_17,act_public,1999,2,2,repealed:2,act_public_1942_17_en_1999-09-08
act_public_1943_14,act_public,1985,5,5,amended:2;repealed:3,act_public_1943_14_en_1985-04-03
act_public_1943_17,act_public,2003,3,3,repealed:3,act_public_1943_17_en_2003-07-01
act_public_1943_20,act_public,2017,3,3,repealed:2;substituted:1,act_public_1943_20_en_2017-06-03
act_public_1943_24,act_public,2011,37,37,amended:8;repealed:28;replaced:1,act_public_1943_24_en_2011-09-16
act_public_1944_18,act_public,1955,6,6,inserted:1;repealed:5,act_public_1944_18_en_1955-10-26
act_public_1944_20,act_public,2017,2,2,repealed:1;replaced:1,act_public_1944_20_en_2017-09-01
act_public_1944_22,act_public,1947,1,1,amended:1,act_public_1944_22_en_1947-11-27
act_public_1944_23,act_public,2003,4,4,repealed:4,act_public_1944_23_en_2003-07-01
act_public_1944_25,act_public,2017,6,6,repealed:2;substituted:4,act_public_1944_25_en_2017-06-03
act_public_1945_16,act_public,2007,35,35,__missing__:1;__unclassified__:3;amended:1;inserted:1;repealed:27;substituted:2,act_public_1945_16_en_2007-08-01
act_public_1945_2,act_public,2017,15,15,inserted:1;repealed:14,act_public_1945_2_en_2017-06-03
act_public_1945_29,act_public,1948,2,2,repealed:2,act_public_1945_29_en_1948-11-26
act_public_1945_31,act_public,1955,2,2,repealed:2,act_public_1945_31_en_1955-10-21
act_public_1945_33,act_public,2024,44,44,amended:9;inserted:17;repealed:1;replaced:17,act_public_1945_33_en_2024-08-10
act_public_1945_40,act_public,2007,9,9,__missing__:2;amended:3;repealed:4,act_public_1945_40_en_2007-09-20
act_public_1945_41,act_public,2021,49,49,amended:26;inserted:6;repealed:10;replaced:7,act_public_1945_41_en_2021-10-28
act_public_1945_42,act_public,1971,18,18,amended:6;repealed:11;replaced:1,act_public_1945_42_en_1971-01-01
act_public_1946_3,act_public,2008,25,25,amended:6;inserted:4;repealed:2;substituted:13,act_public_1946_3_en_2008-11-01
act_public_1946_30,act_public,2007,74,74,amended:16;repealed:48;substituted:10,act_public_1946_30_en_2007-09-20
act_public_1946_34,act_public,1992,2,2,repealed:1;replaced:1,act_public_1946_34_en_1992-11-18
act_public_1946_37,act_public,1956,28,28,amended:9;repealed:19,act_public_1946_37_en_1956-10-25
act_public_1946_39,act_public,1972,5,5,repealed:5,act_public_1946_39_en_1972-01-29
act_public_1946_5,act_public,2021,6,6,inserted:1;repealed:2;replaced:2;substituted:1,act_public_1946_5_en_2021-10-28
act_public_1946_7,act_public,2021,14,14,amended:10;editorial change:2;replaced:2,act_public_1946_7_en_2021-10-28
act_public_1947_16,act_public,2018,238,238,brought into force:2;repealed:236,act_public_1947_16_en_2018-01-01
act_public_1947_18,act_public,1990,4,4,amended:2;replaced:2,act_public_1947_18_en_1990-01-02
act_public_1947_3,act_public,1995,6,6,amended:3;inserted:1;repealed:1;replaced:1,act_public_1947_3_en_1995-02-01
act_public_1947_54,act_public,1953,1,1,repealed:1,act_public_1947_54_en_1953-04-01
act_public_1947_56,act_public,1960,3,3,__unclassified__:1;repealed:2,act_public_1947_56_en_1960-10-25
act_public_1947_59,act_public,2003,58,58,amended:1;repealed:57,act_public_1947_59_en_2003-07-01
act_public_1947_63,act_public,2021,126,126,amended:68;inserted:12;repealed:34;replaced:12,act_public_1947_63_en_2021-10-28
act_public_1948_24,act_public,2021,66,66,amended:33;brought into force:1;inserted:19;repealed:6;replaced:7,act_public_1948_24_en_2021-10-28
act_public_1948_36,act_public,2017,71,71,amended:45;inserted:3;repealed:17;replaced:6,act_public_1948_36_en_2017-01-04
act_public_1948_40,act_public,2020,22,22,amended:13;inserted:1;repealed:2;substituted:6,act_public_1948_40_en_2020-08-07
act_public_1948_50,act_public,2021,148,148,__missing__:2;amended:88;editorial change:2;inserted:11;repealed:28;replaced:17,act_public_1948_50_en_2021-10-28
act_public_1948_51,act_public,2021,38,38,__unclassified__:3;amended:19;inserted:10;repealed:1;replaced:5,act_public_1948_51_en_2021-10-28
act_public_1948_63,act_public,2021,60,60,amended:29;inserted:17;repealed:7;replaced:7,act_public_1948_63_en_2021-10-28
act_public_1948_64,act_public,2023,559,559,__missing__:2;__unclassified__:1;amended:277;editorial change:31;inserted:98;repealed:77;replaced:73,act_public_1948_64_en_2023-12-23
act_public_1948_67,act_public,1960,1,1,repealed:1,act_public_1948_67_en_1960-04-01
act_public_1948_69,act_public,1964,23,23,repealed:23,act_public_1948_69_en_1964-11-11
act_public_1948_72,act_public,1981,6,6,amended:1;repealed:3;replaced:2,act_public_1948_72_en_1981-11-19
act_public_1948_78,act_public,2017,68,68,amended:3;repealed:64;replaced:1,act_public_1948_78_en_2017-06-03
act_public_1949_19,act_public,2025,444,444,amended:79;inserted:101;repealed:231;replaced:33,act_public_1949_19_en_2025-04-05
act_public_1949_24,act_public,2021,65,65,__missing__:1;amended:26;editorial change:13;inserted:5;repealed:15;replaced:5,act_public_1949_24_en_2021-10-28
act_public_1949_33,act_public,2021,37,37,amended:11;editorial change:1;inserted:11;repealed:5;replaced:9,act_public_1949_33_en_2021-02-06B
act_public_1949_34,act_public,2020,10,10,amended:2;inserted:5;repealed:2;replaced:1,act_public_1949_34_en_2020-08-07
act_public_1949_35,act_public,2003,3,3,repealed:3,act_public_1949_35_en_2003-07-01
act_public_1949_46,act_public,1991,34,34,repealed:34,act_public_1949_46_en_1991-08-01
act_public_1950_25,act_public,2018,2,2,repealed:1;substituted:1,act_public_1950_25_en_2018-01-01
act_public_1950_3,act_public,2025,1,1,repealed:1,act_public_1950_3_en_2025-11-13
act_public_1950_52,act_public,2016,107,107,amended:35;inserted:13;repealed:45;replaced:14,act_public_1950_52_en_2016-04-04
act_public_1950_54,act_public,2025,95,95,amended:64;inserted:14;repealed:10;replaced:7,act_public_1950_54_en_2025-04-05
act_public_1950_65,act_public,2011,42,42,amended:16;inserted:15;repealed:5;substituted:6,act_public_1950_65_en_2011-01-01
act_public_1950_79,act_public,1953,2,2,repealed:2,act_public_1950_79_en_1953-11-27
act_public_1950_89,act_public,1997,11,11,amended:5;repealed:6,act_public_1950_89_en_1997-07-01
act_public_1951_69,act_public,1960,2,2,repealed:2,act_public_1951_69_en_1960-10-25
act_public_1951_75,act_public,2011,24,24,amended:1;repealed:23,act_public_1951_75_en_2011-09-16
act_public_1951_78,act_public,2017,25,25,repealed:25,act_public_1951_78_en_2017-06-03
act_public_1951_79,act_public,2021,65,65,amended:2;inserted:2;repealed:58;replaced:3,act_public_1951_79_en_2021-10-28
act_public_1952_24,act_public,2018,1,1,repealed:1,act_public_1952_24_en_2018-01-01
act_public_1952_32,act_public,2007,4,4,repealed:3;substituted:1,act_public_1952_32_en_2007-09-20
act_public_1952_35,act_public,2021,22,22,amended:17;inserted:1;repealed:2;replaced:2,act_public_1952_35_en_2021-01-30
act_public_1952_37,act_public,1981,1,1,repealed:1,act_public_1952_37_en_1981-10-23
act_public_1952_45,act_public,2007,28,28,amended:3;inserted:3;repealed:18;substituted:4,act_public_1952_45_en_2007-11-01
act_public_1952_48,act_public,2013,1,1,amended:1,act_public_1952_48_en_2013-07-01
act_public_1952_50,act_public,2007,20,20,amended:1;inserted:2;repealed:12;substituted:5,act_public_1952_50_en_2007-08-01
act_public_1952_51,act_public,2011,227,227,amended:64;inserted:99;repealed:21;substituted:43,act_public_1952_51_en_2011-06-20
act_public_1952_52,act_public,2018,500,500,__unclassified__:1;amended:239;brought into force:4;inserted:107;repealed:77;replaced:72,act_public_1952_52_en_2018-11-12
act_public_1952_68,act_public,2019,6,6,expired:1;repealed:5,act_public_1952_68_en_2019-03-17
act_public_1952_69,act_public,2010,4,4,repealed:3;replaced:1,act_public_1952_69_en_2010-11-01
act_public_1952_70,act_public,1956,13,13,repealed:13,act_public_1952_70_en_1956-10-25
act_public_1952_81,act_public,2017,24,24,repealed:23;replaced:1,act_public_1952_81_en_2017-06-03
act_public_1953_100,act_public,2021,143,143,added:9;amended:62;brought into force:1;editorial change:1;inserted:27;repealed:16;replaced:1;substituted:26,act_public_1953_100_en_2021-10-28
act_public_1953_106,act_public,1958,3,3,amended:1;repealed:2,act_public_1953_106_en_1958-03-31
act_public_1953_107,act_public,1962,1,1,repealed:1,act_public_1953_107_en_1962-01-01
act_public_1953_112,act_public,1970,14,14,repealed:14,act_public_1953_112_en_1970-11-27
act_public_1953_115,act_public,2017,24,24,__missing__:1;repealed:23,act_public_1953_115_en_2017-06-03
act_public_1953_20,act_public,2017,8,8,amended:4;inserted:1;repealed:2;replaced:1,act_public_1953_20_en_2017-06-03
act_public_1953_31,act_public,2025,643,643,amended:291;brought into force:4;editorial change:3;inserted:206;repealed:76;replaced:63,act_public_1953_31_en_2025-11-27
act_public_1953_5,act_public,2019,15,15,amended:3;editorial change:10;inserted:2,act_public_1953_5_en_2019-10-24
act_public_1953_50,act_public,2012,107,107,amended:50;inserted:34;repealed:4;substituted:19,act_public_1953_50_en_2012-03-07
act_public_1953_64,act_public,2017,178,178,amended:15;brought into force:2;inserted:14;repealed:143;replaced:4,act_public_1953_64_en_2017-02-24
act_public_1953_67,act_public,2007,3,3,repealed:3,act_public_1953_67_en_2007-09-03
act_public_1953_80,act_public,2026,4,4,amended:3;repealed:1,act_public_1953_80_en_2026-04-05
act_public_1954_30,act_public,2007,2,2,repealed:1;substituted:1,act_public_1954_30_en_2007-09-20
act_public_1954_54,act_public,2015,574,574,__unclassified__:1;added:29;amended:328;brought into force:1;inserted:82;repealed:76;replaced:4;substituted:53,act_public_1954_54_en_2015-04-01
act_public_1954_57,act_public,2003,4,4,repealed:4,act_public_1954_57_en_2003-07-01
act_public_1954_58,act_public,1990,1,1,repealed:1,act_public_1954_58_en_1990-07-19
act_public_1954_59,act_public,2009,8,8,amended:2;repealed:6,act_public_1954_59_en_2009-07-01
act_public_1954_90,act_public,2017,39,39,repealed:39,act_public_1954_90_en_2017-06-03
act_public_1955_108,act_public,2021,64,64,amended:35;editorial change:1;inserted:3;repealed:13;replaced:12,act_public_1955_108_en_2021-10-28
act_public_1955_23,act_public,2012,85,85,amended:28;inserted:20;repealed:4;replaced:2;substituted:31,act_public_1955_23_en_2012-03-07
act_public_1955_37,act_public,2024,106,106,__unclassified__:1;amended:27;editorial change:1;inserted:39;repealed:21;replaced:17,act_public_1955_37_en_2024-06-05
act_public_1955_49,act_public,1999,8,8,amended:2;repealed:6,act_public_1955_49_en_1999-09-08
act_public_1955_51,act_public,2025,148,148,amended:113;editorial change:1;inserted:10;repealed:13;replaced:11,act_public_1955_51_en_2025-11-27
act_public_1955_8,act_public,2017,4,4,repealed:4,act_public_1955_8_en_2017-06-03
act_public_1955_86,act_public,2003,2,2,repealed:2,act_public_1955_86_en_2003-07-01
act_public_1955_88,act_public,2021,48,48,__missing__:1;amended:12;inserted:16;repealed:6;replaced:13,act_public_1955_88_en_2021-02-06
act_public_1955_92,act_public,2023,157,157,amended:61;inserted:29;repealed:35;replaced:32,act_public_1955_92_en_2023-10-06
act_public_1955_93,act_public,2025,177,177,__missing__:1;amended:94;inserted:48;repealed:11;replaced:23,act_public_1955_93_en_2025-09-18
act_public_1955_94,act_public,2007,24,24,__missing__:2;added:2;amended:1;inserted:2;repealed:4;substituted:13,act_public_1955_94_en_2007-09-03
act_public_1956_23,act_public,2008,2,2,__missing__:1;repealed:1,act_public_1956_23_en_2008-01-01
act_public_1956_27,act_public,2007,5,5,repealed:5,act_public_1956_27_en_2007-09-20
act_public_1956_43,act_public,1993,2,2,repealed:2,act_public_1956_43_en_1993-07-01
act_public_1956_47,act_public,2025,1790,1790,__missing__:6;amended:1029;editorial change:8;expired:1;inserted:387;repealed:197;replaced:162,act_public_1956_47_en_2025-11-13
act_public_1956_48,act_public,1959,3,3,repealed:3,act_public_1956_48_en_1959-10-22
act_public_1956_51,act_public,2017,6,6,repealed:6,act_public_1956_51_en_2017-06-03
act_public_1956_53,act_public,1987,12,12,__missing__:3;amended:2;repealed:7,act_public_1956_53_en_1987-04-01
act_public_1956_61,act_public,2021,220,220,__missing__:1;amended:101;inserted:59;repealed:29;replaced:30,act_public_1956_61_en_2021-01-30
act_public_1956_65,act_public,2025,970,970,__missing__:6;amended:398;brought into force:1;inserted:257;repealed:210;replaced:98,act_public_1956_65_en_2025-11-13
act_public_1957_103,act_public,2007,132,132,amended:7;inserted:6;repealed:103;substituted:16,act_public_1957_103_en_2007-09-20
act_public_1957_106,act_public,2017,9,9,inserted:1;repealed:8,act_public_1957_106_en_2017-06-03
act_public_1957_107,act_public,1968,3,3,amended:2;repealed:1,act_public_1957_107_en_1968-04-01
act_public_1957_108,act_public,2021,41,41,amended:15;inserted:10;repealed:6;replaced:10,act_public_1957_108_en_2021-01-30
act_public_1957_18,act_public,2025,60,60,__missing__:1;amended:23;inserted:18;repealed:7;replaced:11,act_public_1957_18_en_2025-03-30
act_public_1957_29,act_public,2020,21,21,amended:14;inserted:4;replaced:3,act_public_1957_29_en_2020-08-01
act_public_1957_71,act_public,2011,4,4,repealed:3;substituted:1,act_public_1957_71_en_2011-07-01
act_public_1957_80,act_public,2015,4,4,__missing__:1;repealed:3,act_public_1957_80_en_2015-09-23
act_public_1957_81,act_public,2007,6,6,repealed:6,act_public_1957_81_en_2007-09-03
act_public_1957_87,act_public,2026,847,847,amended:195;editorial change:3;inserted:180;repealed:356;replaced:113,act_public_1957_87_en_2026-04-05B
act_public_1957_88,act_public,2025,61,61,amended:35;editorial change:4;inserted:14;repealed:3;replaced:5,act_public_1957_88_en_2025-11-27
act_public_1957_89,act_public,2022,33,33,amended:8;inserted:18;replaced:7,act_public_1957_89_en_2022-04-12
act_public_1957_9,act_public,2018,6,6,repealed:6,act_public_1957_9_en_2018-01-01
act_public_1958_108,act_public,2008,9,9,amended:5;inserted:1;repealed:2;replaced:1,act_public_1958_108_en_2008-01-01
act_public_1958_109,act_public,2008,413,413,amended:106;inserted:126;repealed:65;substituted:116,act_public_1958_109_en_2008-10-01
act_public_1958_19,act_public,2025,54,54,__unclassified__:2;amended:29;inserted:11;repealed:5;replaced:7,act_public_1958_19_en_2025-04-05
act_public_1958_37,act_public,2007,5,5,amended:1;replaced:4,act_public_1958_37_en_2007-11-01
act_public_1958_38,act_public,2017,5,5,repealed:5,act_public_1958_38_en_2017-06-03
act_public_1958_41,act_public,2007,4,4,repealed:4,act_public_1958_41_en_2007-09-03
act_public_1958_47,act_public,2007,14,14,repealed:13;substituted:1,act_public_1958_47_en_2007-09-20
act_public_1958_75,act_public,2018,1,1,repealed:1,act_public_1958_75_en_2018-11-12
act_public_1959_50,act_public,1972,1,1,replaced:1,act_public_1959_50_en_1972-10-20
act_public_1959_90,act_public,2022,44,44,__unclassified__:4;added:1;amended:13;inserted:6;repealed:14;replaced:3;substituted:3,act_public_1959_90_en_2022-11-29
act_public_1959_92,act_public,2003,10,10,amended:3;inserted:1;repealed:6,act_public_1959_92_en_2003-07-01
act_public_1959_96,act_public,2017,5,5,repealed:5,act_public_1959_96_en_2017-06-03
act_public_1959_98,act_public,2021,138,138,amended:19;inserted:43;repealed:73;replaced:3,act_public_1959_98_en_2021-10-28
act_public_1960_107,act_public,2003,6,6,repealed:6,act_public_1960_107_en_2003-07-01
act_public_1960_108,act_public,1995,3,3,amended:1;repealed:2,act_public_1960_108_en_1995-10-03
act_public_1960_114,act_public,2017,3,3,repealed:3,act_public_1960_114_en_2017-06-03
act_public_1960_117,act_public,2020,3,3,amended:1;inserted:1;repealed:1,act_public_1960_117_en_2020-11-06
act_public_1960_17,act_public,2021,9,9,amended:3;inserted:6,act_public_1960_17_en_2021-10-28
act_public_1960_29,act_public,2017,7,7,amended:3;repealed:3;replaced:1,act_public_1960_29_en_2017-06-03
act_public_1960_32,act_public,2007,27,27,__missing__:1;repealed:22;substituted:4,act_public_1960_32_en_2007-09-20
act_public_1960_47,act_public,2025,17,17,amended:11;brought into force:1;inserted:1;repealed:2;replaced:2,act_public_1960_47_en_2025-04-05
act_public_1960_8,act_public,1974,2,2,amended:2,act_public_1960_8_en_1974-03-08
act_public_1960_99,act_public,2014,88,88,__missing__:2;__unclassified__:1;amended:45;inserted:19;repealed:7;replaced:14,act_public_1960_99_en_2014-12-01
act_public_1961_120,act_public,2017,16,16,amended:9;repealed:7,act_public_1961_120_en_2017-06-03
act_public_1961_127,act_public,2010,7,7,amended:1;expired:2;inserted:1;repealed:3,act_public_1961_127_en_2010-11-01
act_public_1961_128,act_public,1969,2,2,amended:1;repealed:1,act_public_1961_128_en_1969-10-24
act_public_1961_129,act_public,1996,15,15,repealed:15,act_public_1961_129_en_1996-06-24
act_public_1961_131,act_public,2017,105,105,amended:4;repealed:98;replaced:3,act_public_1961_131_en_2017-06-03
act_public_1961_15,act_public,2007,24,24,__missing__:2;__unclassified__:1;amended:16;repealed:4;substituted:1,act_public_1961_15_en_2007-09-20
act_public_1961_3,act_public,2022,80,80,amended:31;inserted:24;repealed:5;replaced:20,act_public_1961_3_en_2022-11-24
act_public_1961_43,act_public,2025,899,899,__missing__:12;__unclassified__:4;amended:250;brought into force:2;editorial change:1;inserted:165;repealed:326;replaced:139,act_public_1961_43_en_2025-11-27B
act_public_1961_48,act_public,2010,80,80,amended:12;inserted:14;repealed:49;substituted:5,act_public_1961_48_en_2010-11-29
act_public_1961_49,act_public,2020,92,92,amended:12;inserted:7;repealed:73,act_public_1961_49_en_2020-08-01
act_public_1961_50,act_public,2020,91,91,amended:13;inserted:7;repealed:71,act_public_1961_50_en_2020-08-01
act_public_1961_51,act_public,2020,94,94,amended:10;inserted:5;repealed:79,act_public_1961_51_en_2020-08-01
act_public_1961_52,act_public,2020,91,91,__missing__:3;amended:9;inserted:8;repealed:68;replaced:3,act_public_1961_52_en_2020-08-01
act_public_1961_68,act_public,1980,4,4,amended:2;repealed:2,act_public_1961_68_en_1980-04-01
act_public_1961_70,act_public,2021,37,37,amended:14;editorial change:1;inserted:11;repealed:3;replaced:8,act_public_1961_70_en_2021-10-28B
act_public_1961_91,act_public,2017,1,1,repealed:1,act_public_1961_91_en_2017-06-03
act_public_1962_112,act_public,2011,2,2,repealed:2,act_public_1962_112_en_2011-01-01
act_public_1962_117,act_public,1992,29,29,repealed:29,act_public_1962_117_en_1992-11-18
act_public_1962_119,act_public,1968,8,8,repealed:8,act_public_1962_119_en_1968-04-01
act_public_1962_131,act_public,2017,6,6,repealed:6,act_public_1962_131_en_2017-06-03
act_public_1962_133,act_public,2022,78,78,amended:40;inserted:20;repealed:4;replaced:14,act_public_1962_133_en_2022-11-29
act_public_1962_135,act_public,2011,784,784,__missing__:3;__unclassified__:4;added:1;amended:185;inserted:118;repealed:382;replaced:7;substituted:84,act_public_1962_135_en_2011-05-10
act_public_1962_140,act_public,2013,15,15,amended:11;repealed:1;substituted:3,act_public_1962_140_en_2013-12-18
act_public_1962_20,act_public,2021,63,63,amended:44;inserted:12;repealed:1;replaced:6,act_public_1962_20_en_2021-10-28B
act_public_1962_48,act_public,2021,84,84,amended:70;inserted:5;repealed:3;replaced:6,act_public_1962_48_en_2021-10-28
act_public_1962_49,act_public,1988,2,2,__missing__:1;repealed:1,act_public_1962_49_en_1988-07-14
act_public_1963_104,act_public,2017,1,1,repealed:1,act_public_1963_104_en_2017-06-03
act_public_1963_123,act_public,1993,17,17,repealed:17,act_public_1963_123_en_1993-07-01
act_public_1963_127,act_public,2017,2,2,repealed:2,act_public_1963_127_en_2017-06-03
act_public_1963_128,act_public,1992,2,2,repealed:2,act_public_1963_128_en_1992-12-18
act_public_1963_130,act_public,2010,1,1,repealed:1,act_public_1963_130_en_2010-11-01
act_public_1963_138,act_public,2021,36,36,inserted:1;repealed:35,act_public_1963_138_en_2021-10-28
act_public_1963_2,act_public,2009,10,10,amended:10,act_public_1963_2_en_2009-07-01
act_public_1963_23,act_public,2012,88,88,amended:29;inserted:26;repealed:9;replaced:24,act_public_1963_23_en_2012-06-30
act_public_1963_51,act_public,2020,35,35,__unclassified__:1;amended:20;inserted:5;repealed:4;replaced:5,act_public_1963_51_en_2020-07-25
act_public_1963_61,act_public,2018,22,22,amended:15;inserted:1;repealed:2;substituted:4,act_public_1963_61_en_2018-11-12
act_public_1963_7,act_public,2020,99,99,amended:21;inserted:7;repealed:71,act_public_1963_7_en_2020-08-01
act_public_1963_8,act_public,2020,93,93,amended:9;inserted:7;repealed:77,act_public_1963_8_en_2020-08-01
act_public_1964_1,act_public,2008,2,2,inserted:1;repealed:1,act_public_1964_1_en_2008-10-01
act_public_1964_117,act_public,1991,4,4,amended:1;repealed:3,act_public_1964_117_en_1991-06-28
act_public_1964_135,act_public,2020,420,420,added:2;amended:33;brought into force:1;inserted:18;repealed:353;replaced:1;substituted:12,act_public_1964_135_en_2020-08-01
act_public_1964_136,act_public,2018,2709,2709,__missing__:7;amended:1375;brought into force:2;inserted:573;repealed:439;replaced:313,act_public_1964_136_en_2018-11-26
act_public_1964_19,act_public,2008,27,27,amended:8;brought into force:1;inserted:3;repealed:2;substituted:13,act_public_1964_19_en_2008-11-01
act_public_1964_24,act_public,2007,7,7,repealed:5;substituted:2,act_public_1964_24_en_2007-09-03B
act_public_1964_27,act_public,1990,44,44,amended:4;brought into force:1;repealed:39,act_public_1964_27_en_1990-02-01
act_public_1964_28,act_public,2021,52,52,added:2;amended:25;inserted:16;repealed:8;substituted:1,act_public_1964_28_en_2021-10-28
act_public_1964_32,act_public,2021,92,92,__missing__:5;added:3;amended:62;inserted:8;repealed:6;substituted:8,act_public_1964_32_en_2021-10-28
act_public_1964_34,act_public,2007,3,3,repealed:3,act_public_1964_34_en_2007-09-03
act_public_1964_45,act_public,2023,116,116,amended:65;inserted:24;repealed:6;replaced:21,act_public_1964_45_en_2023-12-23
act_public_1964_46,act_public,1993,15,15,repealed:15,act_public_1964_46_en_1993-07-01
act_public_1964_47,act_public,2021,24,24,amended:20;inserted:1;repealed:2;substituted:1,act_public_1964_47_en_2021-01-30
act_public_1964_6,act_public,2017,5,5,amended:1;repealed:4,act_public_1964_6_en_2017-06-03
act_public_1964_69,act_public,1965,89,89,amended:68;brought into force:1;inserted:4;repealed:3;substituted:13,act_public_1964_69_en_1965-08-04
act_public_1964_70,act_public,2007,62,62,amended:1;repealed:61,act_public_1964_70_en_2007-09-20
act_public_1964_75,act_public,2025,138,138,added:2;amended:76;editorial change:4;inserted:34;repealed:6;replaced:6;substituted:10,act_public_1964_75_en_2025-11-27B
act_public_1965_120,act_public,1976,6,6,amended:5;repealed:1,act_public_1965_120_en_1976-12-10
act_public_1965_121,act_public,2007,8,8,repealed:8,act_public_1965_121_en_2007-09-03
act_public_1965_122,act_public,1988,5,5,amended:1;repealed:4,act_public_1965_122_en_1988-03-01
act_public_1965_22,act_public,2025,382,382,amended:120;inserted:84;repealed:118;replaced:60,act_public_1965_22_en_2025-03-30
act_public_1965_23,act_public,2017,49,49,amended:24;brought into force:1;inserted:8;repealed:4;replaced:12,act_public_1965_23_en_2017-03-07
act_public_1965_39,act_public,2021,23,23,amended:8;inserted:9;repealed:2;replaced:4,act_public_1965_39_en_2021-01-30
act_public_1965_4,act_public,2017,9,9,amended:5;repealed:4,act_public_1965_4_en_2017-06-03
act_public_1965_47,act_public,2019,51,51,repealed:51,act_public_1965_47_en_2019-10-01
act_public_1965_48,act_public,2007,6,6,repealed:6,act_public_1965_48_en_2007-09-03
act_public_1965_62,act_public,2018,2,2,amended:1;repealed:1,act_public_1965_62_en_2018-01-01
act_public_1966_10,act_public,2007,2,2,repealed:2,act_public_1966_10_en_2007-09-03
act_public_1966_102,act_public,1988,1,1,repealed:1,act_public_1966_102_en_1988-09-19
act_public_1966_106,act_public,1996,9,9,repealed:9,act_public_1966_106_en_1996-04-24
act_public_1966_25,act_public,2018,9,9,amended:6;repealed:1;substituted:2,act_public_1966_25_en_2018-09-08
act_public_1966_37,act_public,2018,1,1,repealed:1,act_public_1966_37_en_2018-11-12
act_public_1966_38,act_public,2017,868,868,__unclassified__:1;amended:52;inserted:8;repealed:803;replaced:4,act_public_1966_38_en_2017-03-01
act_public_1966_39,act_public,2007,3,3,repealed:3,act_public_1966_39_en_2007-09-20
act_public_1966_41,act_public,2014,3,3,__missing__:1;repealed:2,act_public_1966_41_en_2014-12-07
act_public_1966_44,act_public,2026,4,4,amended:1;inserted:1;repealed:1;replaced:1,act_public_1966_44_en_2026-02-21
act_public_1966_51,act_public,2025,103,103,__missing__:1;amended:30;editorial change:1;inserted:45;repealed:8;replaced:18,act_public_1966_51_en_2025-04-05
act_public_1966_79,act_public,2021,1,1,repealed:1,act_public_1966_79_en_2021-01-30
act_public_1966_97,act_public,2018,97,97,amended:77;brought into force:1;inserted:9;repealed:5;replaced:5,act_public_1966_97_en_2018-02-21
act_public_1967_104,act_public,2020,2,2,repealed:2,act_public_1967_104_en_2020-07-25
act_public_1967_126,act_public,2014,33,33,added:5;amended:12;inserted:4;repealed:1;replaced:1;substituted:10,act_public_1967_126_en_2014-06-17
act_public_1967_129,act_public,2023,36,36,amended:29;inserted:5;replaced:2,act_public_1967_129_en_2023-12-23
act_public_1967_142,act_public,1979,1,1,repealed:1,act_public_1967_142_en_1979-09-07
act_public_1967_145,act_public,1993,4,4,repealed:4,act_public_1967_145_en_1993-07-01
act_public_1967_148,act_public,1971,4,4,amended:2;expired:1;repealed:1,act_public_1967_148_en_1971-12-31
act_public_1967_159,act_public,2017,5,5,repealed:5,act_public_1967_159_en_2017-06-03
act_public_1967_23,act_public,2007,1,1,repealed:1,act_public_1967_23_en_2007-09-03B
act_public_1967_35,act_public,2021,115,115,amended:80;brought into force:1;inserted:17;repealed:5;replaced:12,act_public_1967_35_en_2021-10-28
act_public_1967_38,act_public,2007,75,75,__unclassified__:2;amended:35;inserted:5;repealed:19;replaced:1;substituted:13,act_public_1967_38_en_2007-09-20
act_public_1967_45,act_public,2014,34,34,amended:30;inserted:1;repealed:3,act_public_1967_45_en_2014-12-01
act_public_1967_54,act_public,2009,185,185,__missing__:1;__unclassified__:1;amended:80;inserted:30;repealed:10;substituted:63,act_public_1967_54_en_2009-11-24
act_public_1968_127,act_public,2007,1,1,repealed:1,act_public_1968_127_en_2007-09-03
act_public_1968_130,act_public,1988,2,2,repealed:2,act_public_1968_130_en_1988-06-29
act_public_1968_131,act_public,2003,1,1,repealed:1,act_public_1968_131_en_2003-07-01
act_public_1968_132,act_public,2007,117,117,amended:3;repealed:114,act_public_1968_132_en_2007-09-20
act_public_1968_147,act_public,2023,183,183,__missing__:2;__unclassified__:1;added:2;amended:152;inserted:13;repealed:6;replaced:2;substituted:5,act_public_1968_147_en_2023-12-23
act_public_1968_35,act_public,2021,271,271,__unclassified__:1;amended:86;inserted:40;repealed:123;replaced:21,act_public_1968_35_en_2021-10-28
act_public_1968_36,act_public,2021,85,85,added:2;amended:42;editorial change:4;inserted:22;repealed:11;substituted:4,act_public_1968_36_en_2021-10-28
act_public_1968_42,act_public,2007,2,2,repealed:2,act_public_1968_42_en_2007-09-03
act_public_1968_54,act_public,2017,4,4,amended:1;repealed:3,act_public_1968_54_en_2017-06-03
act_public_1969_127,act_public,2009,11,11,repealed:11,act_public_1969_127_en_2009-08-05
act_public_1969_131,act_public,2019,4,4,repealed:4,act_public_1969_131_en_2019-03-17
act_public_1969_132,act_public,2017,3,3,amended:1;repealed:2,act_public_1969_132_en_2017-06-03
act_public_1969_138,act_public,2026,41,41,amended:20;inserted:10;repealed:4;replaced:3;substituted:4,act_public_1969_138_en_2026-01-01
act_public_1969_139,act_public,2021,38,38,amended:21;inserted:2;repealed:5;replaced:1;substituted:9,act_public_1969_139_en_2021-10-28
act_public_1969_140,act_public,1998,1,1,repealed:1,act_public_1969_140_en_1998-10-08
act_public_1969_141,act_public,2018,27,27,amended:12;editorial change:1;inserted:6;repealed:7;replaced:1,act_public_1969_141_en_2018-11-12
act_public_1969_18,act_public,2023,85,85,amended:24;editorial change:2;inserted:43;repealed:3;replaced:13,act_public_1969_18_en_2023-10-06B
act_public_1969_23,act_public,2026,44,44,amended:20;inserted:10;repealed:4;replaced:3;substituted:7,act_public_1969_23_en_2026-04-05
act_public_1969_24,act_public,2017,196,196,added:7;amended:74;inserted:53;repealed:42;substituted:20,act_public_1969_24_en_2017-09-28
act_public_1969_3,act_public,2007,5,5,__unclassified__:1;repealed:3;substituted:1,act_public_1969_3_en_2007-09-20
act_public_1969_38,act_public,2022,62,62,__unclassified__:1;added:1;amended:21;inserted:20;repealed:4;substituted:15,act_public_1969_38_en_2022-09-01
act_public_1969_40,act_public,2007,3,3,amended:3,act_public_1969_40_en_2007-09-03
act_public_1969_41,act_public,2017,63,63,added:2;amended:41;inserted:1;repealed:8;replaced:2;substituted:9,act_public_1969_41_en_2017-09-01
act_public_1969_52,act_public,2021,175,175,amended:109;inserted:40;repealed:11;replaced:15,act_public_1969_52_en_2021-10-28
act_public_1969_65,act_public,2008,8,8,repealed:8,act_public_1969_65_en_2008-10-01
act_public_1969_86,act_public,2018,4,4,amended:1;repealed:3,act_public_1969_86_en_2018-01-01
act_public_1970_116,act_public,2007,20,20,amended:4;inserted:1;repealed:11;substituted:4,act_public_1970_116_en_2007-09-03
act_public_1970_117,act_public,2007,2,2,repealed:2,act_public_1970_117_en_2007-09-03
act_public_1970_120,act_public,1993,12,12,repealed:12,act_public_1970_120_en_1993-07-01
act_public_1970_121,act_public,2025,3,3,amended:1;repealed:2,act_public_1970_121_en_2025-11-13B
act_public_1970_122,act_public,2007,1,1,repealed:1,act_public_1970_122_en_2007-09-03
act_public_1970_127,act_public,1998,3,3,amended:2;replaced:1,act_public_1970_127_en_1998-03-01
act_public_1970_129,act_public,2017,9,9,amended:3;repealed:4;replaced:2,act_public_1970_129_en_2017-09-01
act_public_1970_137,act_public,2021,37,37,amended:34;inserted:1;repealed:2,act_public_1970_137_en_2021-10-28
act_public_1970_15,act_public,2007,8,8,repealed:5;substituted:3,act_public_1970_15_en_2007-09-20
act_public_1970_151,act_public,1998,34,34,repealed:34,act_public_1970_151_en_1998-07-29
act_public_1971_11,act_public,2021,17,17,amended:9;inserted:4;repealed:3;replaced:1,act_public_1971_11_en_2021-10-28
act_public_1971_141,act_public,1992,3,3,amended:1;repealed:2,act_public_1971_141_en_1992-12-18
act_public_1971_143,act_public,2007,21,21,amended:2;repealed:18;substituted:1,act_public_1971_143_en_2007-09-20
act_public_1971_15,act_public,2021,120,120,amended:49;editorial change:1;inserted:35;repealed:14;replaced:21,act_public_1971_15_en_2021-10-28
act_public_1971_152,act_public,2014,4,4,inserted:2;repealed:1;replaced:1,act_public_1971_152_en_2014-07-28
act_public_1971_28,act_public,2026,59,59,amended:29;inserted:15;repealed:8;replaced:7,act_public_1971_28_en_2026-04-01
act_public_1971_34,act_public,2026,161,161,__missing__:1;amended:63;inserted:47;repealed:40;replaced:10,act_public_1971_34_en_2026-05-01
act_public_1971_39,act_public,2010,7,7,__missing__:1;repealed:1;substituted:5,act_public_1971_39_en_2010-11-01
act_public_1971_50,act_public,2021,2,2,amended:2,act_public_1971_50_en_2021-01-30
act_public_1971_51,act_public,2025,165,165,amended:16;inserted:19;repealed:125;replaced:5,act_public_1971_51_en_2025-04-01
act_public_1971_53,act_public,2025,893,893,added:23;amended:383;brought into force:2;editorial change:18;inserted:242;repealed:62;replaced:5;substituted:158,act_public_1971_53_en_2025-11-27
act_public_1971_55,act_public,2017,7,7,amended:3;repealed:4,act_public_1971_55_en_2017-06-03
act_public_1971_60,act_public,2018,59,59,brought into force:1;repealed:58,act_public_1971_60_en_2018-11-26
act_public_1971_71,act_public,2017,10,10,amended:5;repealed:2;replaced:3,act_public_1971_71_en_2017-06-03
act_public_1971_80,act_public,2014,20,20,amended:15;inserted:3;repealed:1;replaced:1,act_public_1971_80_en_2014-06-17
act_public_1972_118,act_public,2025,329,329,amended:108;inserted:145;repealed:41;replaced:35,act_public_1972_118_en_2025-05-14
act_public_1972_124,act_public,1990,1,1,repealed:1,act_public_1972_124_en_1990-07-19
act_public_1972_130,act_public,2017,19,19,amended:7;inserted:4;repealed:2;substituted:6,act_public_1972_130_en_2017-03-01
act_public_1972_133,act_public,2018,33,33,repealed:33,act_public_1972_133_en_2018-11-26
act_public_1972_135,act_public,1993,14,14,repealed:14,act_public_1972_135_en_1993-07-01B
act_public_1972_137,act_public,2025,67,67,amended:38;brought into force:1;inserted:19;repealed:5;replaced:4,act_public_1972_137_en_2025-04-05
act_public_1972_138,act_public,2024,102,102,amended:49;inserted:17;repealed:14;replaced:22,act_public_1972_138_en_2024-08-10
act_public_1972_15,act_public,2012,75,75,amended:32;inserted:14;repealed:13;substituted:16,act_public_1972_15_en_2012-10-01
act_public_1972_19,act_public,2017,3,3,amended:2;repealed:1,act_public_1972_19_en_2017-06-03
act_public_1972_34,act_public,2020,4,4,repealed:4,act_public_1972_34_en_2020-08-01
act_public_1972_35,act_public,2021,63,63,amended:25;inserted:14;repealed:9;replaced:15,act_public_1972_35_en_2021-10-28
act_public_1972_36,act_public,2015,67,67,amended:10;expired:1;inserted:6;repealed:37;replaced:13,act_public_1972_36_en_2015-10-21
act_public_1973_106,act_public,1993,20,20,repealed:20,act_public_1973_106_en_1993-07-01B
act_public_1973_107,act_public,2023,23,23,amended:19;inserted:1;repealed:2;replaced:1,act_public_1973_107_en_2023-12-23
act_public_1973_109,act_public,2002,10,10,amended:9;repealed:1,act_public_1973_109_en_2002-06-01
act_public_1973_11,act_public,1996,2,2,repealed:2,act_public_1973_11_en_1996-04-24
act_public_1973_119,act_public,2025,41,41,__missing__:2;amended:25;brought into force:1;inserted:2;repealed:3;replaced:8,act_public_1973_119_en_2025-04-05
act_public_1973_121,act_public,2025,7,7,amended:4;inserted:3,act_public_1973_121_en_2025-04-05B
act_public_1973_21,act_public,1995,1,1,repealed:1,act_public_1973_21_en_1995-04-01
act_public_1973_25,act_public,2021,96,96,added:1;amended:26;inserted:61;repealed:7;substituted:1,act_public_1973_25_en_2021-10-28
act_public_1973_34,act_public,2018,29,29,repealed:28;substituted:1,act_public_1973_34_en_2018-11-26
act_public_1973_41,act_public,2017,2,2,amended:1;repealed:1,act_public_1973_41_en_2017-06-03
act_public_1973_5,act_public,2025,124,124,amended:73;inserted:18;repealed:3;replaced:30,act_public_1973_5_en_2025-08-27
act_public_1974_1,act_public,1976,2,2,amended:2,act_public_1974_1_en_1976-12-09
act_public_1974_136,act_public,2020,8,8,__missing__:2;amended:1;repealed:5,act_public_1974_136_en_2020-08-01
act_public_1974_139,act_public,2008,10,10,amended:8;repealed:2,act_public_1974_139_en_2008-06-24
act_public_1974_144,act_public,2009,7,7,repealed:7,act_public_1974_144_en_2009-08-05B
act_public_1974_145,act_public,2012,1,1,repealed:1,act_public_1974_145_en_2012-03-07
act_public_1974_19,act_public,2019,285,285,amended:62;brought into force:1;inserted:78;repealed:125;replaced:19,act_public_1974_19_en_2019-10-01
act_public_1974_23,act_public,2013,1,1,amended:1,act_public_1974_23_en_2013-07-01
act_public_1974_28,act_public,2017,1,1,repealed:1,act_public_1974_28_en_2017-06-03
act_public_1974_39,act_public,2021,4,4,amended:2;inserted:1;replaced:1,act_public_1974_39_en_2021-10-28
act_public_1974_42,act_public,1988,2,2,amended:1;brought into force:1,act_public_1974_42_en_1988-04-01
act_public_1974_43,act_public,2007,1,1,repealed:1,act_public_1974_43_en_2007-09-20
act_public_1974_45,act_public,2017,116,116,amended:56;inserted:44;repealed:5;replaced:11,act_public_1974_45_en_2017-06-03
act_public_1974_46,act_public,2018,12,12,repealed:12,act_public_1974_46_en_2018-11-26
act_public_1974_48,act_public,2011,83,83,__unclassified__:2;amended:29;inserted:11;repealed:10;substituted:31,act_public_1974_48_en_2011-04-01
act_public_1974_51,act_public,2019,99,99,amended:41;inserted:34;repealed:11;replaced:13,act_public_1974_51_en_2019-10-01
act_public_1974_66,act_public,2025,2264,2264,__missing__:1;amended:266;brought into force:1;expired:2;inserted:231;repealed:1669;replaced:94,act_public_1974_66_en_2025-08-27
act_public_1974_7,act_public,2020,1,1,repealed:1,act_public_1974_7_en_2020-08-01
act_public_1974_80,act_public,2007,1,1,repealed:1,act_public_1974_80_en_2007-09-20
act_public_1975_1,act_public,2022,112,112,amended:44;inserted:28;repealed:5;replaced:35,act_public_1975_1_en_2022-09-01
act_public_1975_114,act_public,2026,232,232,__unclassified__:17;amended:134;editorial change:1;inserted:35;repealed:25;replaced:20,act_public_1975_114_en_2026-02-10
act_public_1975_116,act_public,2025,724,724,__unclassified__:1;amended:191;brought into force:1;editorial change:2;inserted:400;repealed:66;replaced:63,act_public_1975_116_en_2025-11-27B
act_public_1975_122,act_public,2024,119,119,added:2;amended:36;brought into force:1;inserted:17;repealed:46;replaced:1;substituted:16,act_public_1975_122_en_2024-06-30
act_public_1975_123,act_public,2018,23,23,repealed:23,act_public_1975_123_en_2018-11-26
act_public_1975_129,act_public,2017,152,152,amended:61;brought into force:3;inserted:11;repealed:57;replaced:20,act_public_1975_129_en_2017-05-19
act_public_1975_133,act_public,2017,3,3,repealed:3,act_public_1975_133_en_2017-06-03
act_public_1975_134,act_public,1998,2,2,repealed:2,act_public_1975_134_en_1998-10-08
act_public_1975_135,act_public,1996,12,12,__missing__:1;amended:2;repealed:9,act_public_1975_135_en_1996-04-24
act_public_1975_25,act_public,2021,49,49,amended:27;inserted:12;repealed:4;replaced:6,act_public_1975_25_en_2021-10-28
act_public_1975_41,act_public,2021,236,236,added:12;amended:146;inserted:52;repealed:9;replaced:3;substituted:14,act_public_1975_41_en_2021-10-28
act_public_1975_42,act_public,2017,423,423,added:25;amended:119;inserted:84;repealed:123;replaced:2;substituted:70,act_public_1975_42_en_2017-07-01
act_public_1975_46,act_public,2014,5,5,amended:3;repealed:2,act_public_1975_46_en_2014-06-17
act_public_1975_53,act_public,2018,18,18,amended:13;inserted:1;repealed:1;replaced:3,act_public_1975_53_en_2018-11-12
act_public_1975_54,act_public,2013,6,6,amended:2;repealed:4,act_public_1975_54_en_2013-02-27
act_public_1975_9,act_public,2026,675,675,__missing__:8;amended:91;brought into force:1;editorial change:2;inserted:230;repealed:323;replaced:20,act_public_1975_9_en_2026-05-07
act_public_1976_143,act_public,2012,115,115,added:8;amended:20;inserted:8;repealed:54;substituted:25,act_public_1976_143_en_2012-07-01
act_public_1976_148,act_public,2005,23,23,amended:1;repealed:22,act_public_1976_148_en_2005-01-25
act_public_1976_155,act_public,2021,32,32,amended:23;inserted:3;repealed:3;replaced:2;substituted:1,act_public_1976_155_en_2021-10-28
act_public_1976_160,act_public,1983,2,2,repealed:2,act_public_1976_160_en_1983-09-23
act_public_1976_161,act_public,1988,1,1,repealed:1,act_public_1976_161_en_1988-07-14
act_public_1976_166,act_public,2023,851,851,__missing__:4;__unclassified__:1;amended:547;inserted:209;repealed:18;replaced:72,act_public_1976_166_en_2023-10-06
act_public_1976_169,act_public,2009,8,8,__unclassified__:1;repealed:7,act_public_1976_169_en_2009-06-29
act_public_1976_17,act_public,2021,2,2,brought into force:1;inserted:1,act_public_1976_17_en_2021-10-28
act_public_1976_30,act_public,2007,8,8,repealed:8,act_public_1976_30_en_2007-09-03
act_public_1976_33,act_public,2014,10,10,inserted:1;repealed:8;substituted:1,act_public_1976_33_en_2014-01-01
act_public_1976_41,act_public,2014,8,8,repealed:8,act_public_1976_41_en_2014-12-07
act_public_1976_49,act_public,2007,1,1,repealed:1,act_public_1976_49_en_2007-09-03
act_public_1976_65,act_public,2020,12,12,added:1;amended:2;inserted:6;repealed:1;replaced:1;substituted:1,act_public_1976_65_en_2020-03-23
act_public_1976_69,act_public,2010,139,139,amended:39;inserted:49;repealed:16;replaced:9;substituted:26,act_public_1976_69_en_2010-04-01
act_public_1976_71,act_public,2023,93,93,amended:70;inserted:11;repealed:6;replaced:2;substituted:4,act_public_1976_71_en_2023-05-20
act_public_1976_8,act_public,2007,1,1,repealed:1,act_public_1976_8_en_2007-09-03
act_public_1976_9,act_public,2009,392,392,__missing__:233;added:3;amended:80;inserted:26;repealed:19;substituted:31,act_public_1976_9_en_2009-11-16
act_public_1977_102,act_public,2021,75,75,amended:37;editorial change:1;inserted:8;repealed:10;replaced:4;substituted:15,act_public_1977_102_en_2021-10-28
act_public_1977_103,act_public,1977,2,2,amended:1;repealed:1,act_public_1977_103_en_1977-12-21
act_public_1977_104,act_public,2015,10,10,added:2;amended:1;inserted:2;repealed:2;substituted:3,act_public_1977_104_en_2015-09-23
act_public_1977_110,act_public,2025,256,256,amended:159;brought into force:1;inserted:39;repealed:32;replaced:25,act_public_1977_110_en_2025-11-13
act_public_1977_111,act_public,2025,244,244,added:8;amended:132;editorial change:1;inserted:57;repealed:20;replaced:7;substituted:19,act_public_1977_111_en_2025-04-05
act_public_1977_122,act_public,2007,9,9,amended:2;inserted:1;repealed:6,act_public_1977_122_en_2007-09-03
act_public_1977_124,act_public,2012,210,210,added:19;amended:90;inserted:40;repealed:26;substituted:35,act_public_1977_124_en_2012-08-01
act_public_1977_125,act_public,2021,13,13,added:2;amended:3;brought into force:1;inserted:4;replaced:2;substituted:1,act_public_1977_125_en_2021-10-28
act_public_1977_132,act_public,2014,7,7,repealed:7,act_public_1977_132_en_2014-12-07
act_public_1977_133,act_public,2018,26,26,amended:2;repealed:24,act_public_1977_133_en_2018-11-26
act_public_1977_14,act_public,2013,6,6,amended:5;inserted:1,act_public_1977_14_en_2013-07-01
act_public_1977_15,act_public,2007,1,1,inserted:1,act_public_1977_15_en_2007-09-03
act_public_1977_28,act_public,2025,62,62,added:1;amended:7;brought into force:2;editorial change:1;inserted:10;repealed:34;substituted:7,act_public_1977_28_en_2025-04-05
act_public_1977_31,act_public,2021,28,28,__unclassified__:1;amended:24;inserted:1;replaced:1;substituted:1,act_public_1977_31_en_2021-10-28
act_public_1977_32,act_public,2018,8,8,repealed:8,act_public_1977_32_en_2018-01-01
act_public_1977_51,act_public,2007,6,6,repealed:6,act_public_1977_51_en_2007-09-03
act_public_1977_52,act_public,2017,215,215,__missing__:1;added:5;amended:113;brought into force:1;inserted:19;repealed:31;replaced:1;substituted:44,act_public_1977_52_en_2017-07-01
act_public_1977_54,act_public,2017,12,12,amended:5;inserted:1;repealed:4;substituted:2,act_public_1977_54_en_2017-09-01
act_public_1977_55,act_public,2007,2,2,amended:2,act_public_1977_55_en_2007-09-03
act_public_1977_61,act_public,2025,111,111,__missing__:4;amended:36;editorial change:5;inserted:37;repealed:5;replaced:24,act_public_1977_61_en_2025-09-18
act_public_1977_62,act_public,2017,50,50,added:8;amended:26;inserted:3;repealed:3;substituted:10,act_public_1977_62_en_2017-06-03
act_public_1977_66,act_public,2025,494,494,__missing__:4;amended:257;inserted:143;repealed:22;replaced:68,act_public_1977_66_en_2025-04-05
act_public_1977_75,act_public,2017,20,20,amended:3;repealed:17,act_public_1977_75_en_2017-06-03
act_public_1977_97,act_public,2007,4,4,repealed:4,act_public_1977_97_en_2007-09-03
act_public_1978_103,act_public,2014,811,811,__unclassified__:1;amended:277;brought into force:2;expired:1;inserted:273;repealed:142;replaced:115,act_public_1978_103_en_2014-12-01
act_public_1978_38,act_public,2025,2,2,amended:1;repealed:1,act_public_1978_38_en_2025-02-02
act_public_1978_39,act_public,2008,1,1,amended:1,act_public_1978_39_en_2008-01-01
act_public_1978_48,act_public,2017,2,2,brought into force:1;repealed:1,act_public_1978_48_en_2017-06-03
act_public_1978_50,act_public,2026,37,37,amended:24;inserted:5;repealed:1;replaced:1;substituted:6,act_public_1978_50_en_2026-01-24
act_public_1978_51,act_public,2017,21,21,amended:11;inserted:1;repealed:5;substituted:4,act_public_1978_51_en_2017-06-03
act_public_1978_56,act_public,2003,8,8,repealed:7;substituted:1,act_public_1978_56_en_2003-07-01
act_public_1978_58,act_public,2018,31,31,repealed:30;substituted:1,act_public_1978_58_en_2018-11-26
act_public_1978_61,act_public,2021,68,68,added:2;amended:6;brought into force:1;inserted:7;repealed:44;replaced:1;substituted:7,act_public_1978_61_en_2021-10-28
act_public_1978_65,act_public,2018,118,118,amended:30;inserted:30;repealed:46;replaced:1;substituted:11,act_public_1978_65_en_2018-10-01
act_public_1978_70,act_public,1996,10,10,repealed:10,act_public_1978_70_en_1996-06-24
act_public_1978_74,act_public,2021,56,56,added:2;amended:46;inserted:1;substituted:7,act_public_1978_74_en_2021-10-28
act_public_1978_80,act_public,2025,135,135,added:3;amended:62;editorial change:3;inserted:50;repealed:3;replaced:5;substituted:9,act_public_1978_80_en_2025-04-05B
act_public_1978_81,act_public,2026,59,59,added:1;amended:42;inserted:4;repealed:3;replaced:3;substituted:6,act_public_1978_81_en_2026-04-05
act_public_1979_11,act_public,2017,20,20,amended:5;inserted:4;repealed:7;replaced:4,act_public_1979_11_en_2017-09-01
act_public_1979_124,act_public,2018,7,7,repealed:7,act_public_1979_124_en_2018-01-01
act_public_1979_125,act_public,2018,12,12,repealed:12,act_public_1979_125_en_2018-01-01
act_public_1979_136,act_public,1998,20,20,amended:5;repealed:15,act_public_1979_136_en_1998-10-22
act_public_1979_23,act_public,2005,2,2,amended:1;repealed:1,act_public_1979_23_en_2005-04-01
act_public_1979_33,act_public,2013,49,49,added:2;amended:17;inserted:3;repealed:21;replaced:2;substituted:4,act_public_1979_33_en_2013-12-16
act_public_1979_39,act_public,2000,10,10,inserted:2;repealed:4;substituted:4,act_public_1979_39_en_2000-11-15
act_public_1979_41,act_public,2025,76,76,amended:42;inserted:10;repealed:7;replaced:3;substituted:14,act_public_1979_41_en_2025-04-05
act_public_1979_43,act_public,2017,12,12,amended:6;inserted:2;repealed:3;substituted:1,act_public_1979_43_en_2017-09-01
act_public_1979_46,act_public,2009,11,11,amended:5;repealed:5;substituted:1,act_public_1979_46_en_2009-04-01
act_public_1979_65,act_public,2012,7,7,repealed:7,act_public_1979_65_en_2012-08-01
act_public_1979_69,act_public,2020,3,3,amended:2;substituted:1,act_public_1979_69_en_2020-08-01
act_public_1979_9,act_public,2017,27,27,added:1;amended:15;inserted:1;repealed:3;substituted:7,act_public_1979_9_en_2017-06-03
act_public_1980_160,act_public,2002,3,3,amended:3,act_public_1980_160_en_2002-06-01
act_public_1980_161,act_public,2026,146,146,amended:60;inserted:61;repealed:11;replaced:14,act_public_1980_161_en_2026-02-17
act_public_1980_27,act_public,2009,80,80,amended:10;inserted:3;repealed:61;substituted:6,act_public_1980_27_en_2009-06-29
act_public_1980_44,act_public,2021,45,45,amended:17;brought into force:1;editorial change:1;inserted:9;repealed:5;replaced:12,act_public_1980_44_en_2021-10-28
act_public_1980_47,act_public,2017,11,11,amended:2;repealed:9,act_public_1980_47_en_2017-06-03
act_public_1980_62,act_public,2000,2,2,amended:1;repealed:1,act_public_1980_62_en_2000-07-01
act_public_1980_65,act_public,2013,8,8,amended:3;inserted:1;repealed:1;replaced:1;substituted:2,act_public_1980_65_en_2013-07-01
act_public_1980_66,act_public,2025,258,258,amended:96;editorial change:7;inserted:82;repealed:43;replaced:30,act_public_1980_66_en_2025-04-05
act_public_1980_67,act_public,1993,5,5,repealed:5,act_public_1980_67_en_1993-07-01B
act_public_1980_71,act_public,2012,3,3,repealed:3,act_public_1980_71_en_2012-08-01
act_public_1980_88,act_public,2018,5,5,__unclassified__:1;repealed:4,act_public_1980_88_en_2018-01-01
act_public_1980_94,act_public,2026,627,627,amended:372;brought into force:1;inserted:79;repealed:118;replaced:57,act_public_1980_94_en_2026-02-17B
act_public_1981_110,act_public,2017,11,11,repealed:11,act_public_1981_110_en_2017-06-03
act_public_1981_113,act_public,2025,146,146,added:4;amended:82;editorial change:1;inserted:34;repealed:12;replaced:7;substituted:6,act_public_1981_113_en_2025-11-27
act_public_1981_116,act_public,2012,1,1,repealed:1,act_public_1981_116_en_2012-08-31
act_public_1981_118,act_public,2025,374,374,__unclassified__:1;added:8;amended:121;brought into force:1;editorial change:1;expired:1;inserted:132;repealed:32;replaced:37;substituted:40,act_public_1981_118_en_2025-11-19
act_public_1981_119,act_public,2023,213,213,added:6;amended:61;inserted:21;repealed:111;replaced:2;substituted:12,act_public_1981_119_en_2023-12-23
act_public_1981_12,act_public,2021,77,77,added:2;amended:39;inserted:8;repealed:17;replaced:4;substituted:7,act_public_1981_12_en_2021-10-28
act_public_1981_21,act_public,2018,1,1,repealed:1,act_public_1981_21_en_2018-01-01
act_public_1981_23,act_public,2026,231,231,amended:71;inserted:85;repealed:40;replaced:35,act_public_1981_23_en_2026-02-21
act_public_1981_28,act_public,2021,7,7,amended:5;inserted:1;replaced:1,act_public_1981_28_en_2021-10-28
act_public_1981_29,act_public,2012,10,10,repealed:10,act_public_1981_29_en_2012-08-01
act_public_1981_3,act_public,2021,11,11,amended:8;inserted:1;repealed:1;substituted:1,act_public_1981_3_en_2021-01-30
act_public_1981_32,act_public,2014,7,7,repealed:7,act_public_1981_32_en_2014-12-07
act_public_1981_35,act_public,2025,664,664,added:3;amended:348;inserted:101;repealed:140;replaced:14;substituted:58,act_public_1981_35_en_2025-10-22
act_public_1981_4,act_public,2017,2,2,amended:1;repealed:1,act_public_1981_4_en_2017-06-03
act_public_1981_40,act_public,2018,3,3,repealed:3,act_public_1981_40_en_2018-01-01
act_public_1981_45,act_public,2016,251,251,added:6;amended:71;brought into force:1;inserted:139;repealed:9;replaced:2;substituted:23,act_public_1981_45_en_2016-03-01
act_public_1981_47,act_public,2026,90,90,added:2;amended:22;editorial change:11;inserted:20;repealed:24;replaced:11,act_public_1981_47_en_2026-04-05
act_public_1981_53,act_public,2025,26,26,amended:14;inserted:4;repealed:3;substituted:5,act_public_1981_53_en_2025-04-05
act_public_1982_11,act_public,2024,8,8,amended:6;inserted:2,act_public_1982_11_en_2024-11-26
act_public_1982_115,act_public,2018,1,1,repealed:1,act_public_1982_115_en_2018-11-12
act_public_1982_118,act_public,2026,374,374,__missing__:1;added:4;amended:133;inserted:115;repealed:50;replaced:55;substituted:16,act_public_1982_118_en_2026-04-05
act_public_1982_119,act_public,2002,1,1,amended:1,act_public_1982_119_en_2002-06-01
act_public_1982_122,act_public,2017,5,5,__missing__:1;repealed:4,act_public_1982_122_en_2017-06-03
act_public_1982_123,act_public,2008,107,107,amended:21;brought into force:1;inserted:32;repealed:10;substituted:43,act_public_1982_123_en_2008-08-01
act_public_1982_124,act_public,1982,13,13,__missing__:1;repealed:12,act_public_1982_124_en_1982-12-04
act_public_1982_130,act_public,2018,3,3,repealed:3,act_public_1982_130_en_2018-01-01
act_public_1982_132,act_public,2017,13,13,amended:4;inserted:1;repealed:5;substituted:3,act_public_1982_132_en_2017-09-01
act_public_1982_133,act_public,1999,17,17,amended:7;inserted:1;repealed:8;substituted:1,act_public_1982_133_en_1999-04-29
act_public_1982_155,act_public,2020,14,14,repealed:14,act_public_1982_155_en_2020-08-01
act_public_1982_156,act_public,2025,451,451,__unclassified__:1;amended:145;expired:14;inserted:99;repealed:149;replaced:43,act_public_1982_156_en_2025-04-05
act_public_1982_16,act_public,2018,25,25,inserted:1;repealed:24,act_public_1982_16_en_2018-11-26
act_public_1982_179,act_public,2017,2,2,repealed:2,act_public_1982_179_en_2017-07-01
act_public_1982_29,act_public,2012,5,5,repealed:5,act_public_1982_29_en_2012-08-01
act_public_1982_5,act_public,2018,5,5,repealed:4;substituted:1,act_public_1982_5_en_2018-01-01
act_public_1982_8,act_public,2007,1,1,repealed:1,act_public_1982_8_en_2007-09-03
act_public_1982_81,act_public,2007,2,2,repealed:2,act_public_1982_81_en_2007-09-03
act_public_1983_115,act_public,2023,38,38,__missing__:1;amended:5;brought into force:1;inserted:14;repealed:8;replaced:5;substituted:4,act_public_1983_115_en_2023-12-20
act_public_1983_138,act_public,2018,17,17,__missing__:1;repealed:15;substituted:1,act_public_1983_138_en_2018-11-26
act_public_1983_14,act_public,2022,392,392,__unclassified__:1;amended:18;brought into force:14;inserted:39;repealed:314;substituted:6,act_public_1983_14_en_2022-11-01
act_public_1983_143,act_public,2025,38,38,__missing__:2;amended:12;inserted:13;repealed:4;replaced:3;substituted:4,act_public_1983_143_en_2025-11-27
act_public_1983_146,act_public,1993,5,5,repealed:5,act_public_1983_146_en_1993-07-01
act_public_1983_148,act_public,1990,1,1,repealed:1,act_public_1983_148_en_1990-07-19
act_public_1983_153,act_public,2017,14,14,amended:9;repealed:4;substituted:1,act_public_1983_153_en_2017-06-03
act_public_1983_29,act_public,2008,1,1,repealed:1,act_public_1983_29_en_2008-01-01
act_public_1983_3,act_public,2007,1,1,repealed:1,act_public_1983_3_en_2007-09-03
act_public_1983_42,act_public,2023,43,43,amended:24;brought into force:1;inserted:10;repealed:5;replaced:2;substituted:1,act_public_1983_42_en_2023-12-23
act_public_1983_44,act_public,2026,659,659,__unclassified__:1;added:5;amended:154;inserted:316;repealed:43;replaced:128;substituted:12,act_public_1983_44_en_2026-01-01
act_public_1983_51,act_public,2012,1,1,repealed:1,act_public_1983_51_en_2012-03-07
act_public_1983_57,act_public,2020,12,12,repealed:12,act_public_1983_57_en_2020-08-01
act_public_1983_58,act_public,2014,1,1,repealed:1,act_public_1983_58_en_2014-12-07
act_public_1983_59,act_public,2017,8,8,repealed:8,act_public_1983_59_en_2017-06-03
act_public_1984_5,act_public,2012,3,3,repealed:3,act_public_1984_5_en_2012-08-01
act_public_1985_112,act_public,2018,1,1,repealed:1,act_public_1985_112_en_2018-01-01
act_public_1985_117,act_public,2008,6,6,inserted:3;repealed:1;substituted:2,act_public_1985_117_en_2008-01-01
act_public_1985_120,act_public,2013,300,300,amended:30;expired:1;inserted:14;repealed:249;substituted:6,act_public_1985_120_en_2013-07-01
act_public_1985_124,act_public,2020,1,1,repealed:1,act_public_1985_124_en_2020-08-01
act_public_1985_127,act_public,2023,51,51,added:1;amended:41;inserted:3;repealed:3;substituted:3,act_public_1985_127_en_2023-06-15
act_public_1985_135,act_public,2007,6,6,repealed:6,act_public_1985_135_en_2007-09-03
act_public_1985_136,act_public,2018,2,2,repealed:2,act_public_1985_136_en_2018-01-01
act_public_1985_137,act_public,2018,1,1,repealed:1,act_public_1985_137_en_2018-01-01
act_public_1985_141,act_public,2026,1841,1841,__missing__:6;added:63;amended:790;inserted:545;repealed:160;replaced:118;substituted:159,act_public_1985_141_en_2026-05-07
act_public_1985_151,act_public,2020,44,44,added:3;amended:13;inserted:2;repealed:20;substituted:6,act_public_1985_151_en_2020-08-07
act_public_1985_160,act_public,2007,2,2,repealed:2,act_public_1985_160_en_2007-09-03
act_public_1985_162,act_public,2009,3,3,repealed:3,act_public_1985_162_en_2009-06-29
act_public_1985_48,act_public,2013,4,4,repealed:4,act_public_1985_48_en_2013-12-16
act_public_1985_60,act_public,2007,23,23,amended:5;repealed:18,act_public_1985_60_en_2007-09-03
act_public_1985_62,act_public,2007,7,7,amended:2;repealed:5,act_public_1985_62_en_2007-09-03
act_public_1985_63,act_public,2007,4,4,amended:1;repealed:3,act_public_1985_63_en_2007-09-03
act_public_1985_77,act_public,2002,2,2,amended:2,act_public_1985_77_en_2002-03-01
act_public_1986_107,act_public,2017,1,1,repealed:1,act_public_1986_107_en_2017-03-07
act_public_1986_109,act_public,2014,2,2,repealed:2,act_public_1986_109_en_2014-12-01
act_public_1986_114,act_public,2025,13,13,added:1;amended:1;inserted:6;repealed:2;substituted:3,act_public_1986_114_en_2025-11-13
act_public_1986_120,act_public,2025,1054,1054,amended:312;brought into force:1;editorial change:2;inserted:502;repealed:83;replaced:154,act_public_1986_120_en_2025-12-01B
act_public_1986_121,act_public,2026,404,404,added:9;amended:129;brought into force:2;inserted:203;repealed:24;replaced:18;substituted:19,act_public_1986_121_en_2026-03-16
act_public_1986_122,act_public,2017,4,4,repealed:4,act_public_1986_122_en_2017-06-03
act_public_1986_124,act_public,2023,255,255,__missing__:2;added:5;amended:63;brought into force:10;editorial change:1;inserted:42;repealed:111;replaced:7;substituted:14,act_public_1986_124_en_2023-12-23
act_public_1986_127,act_public,2025,87,87,added:2;amended:23;editorial change:2;inserted:20;repealed:29;replaced:2;substituted:9,act_public_1986_127_en_2025-11-27
act_public_1986_129,act_public,2012,21,21,amended:8;brought into force:1;inserted:1;repealed:6;substituted:5,act_public_1986_129_en_2012-08-31
act_public_1986_134,act_public,2017,10,10,amended:1;repealed:9,act_public_1986_134_en_2017-06-03
act_public_1986_18,act_public,2017,9,9,repealed:9,act_public_1986_18_en_2017-07-01
act_public_1986_25,act_public,2017,13,13,amended:1;repealed:12,act_public_1986_25_en_2017-06-03
act_public_1986_26,act_public,1994,3,3,amended:2;substituted:1,act_public_1986_26_en_1994-11-29
act_public_1986_33,act_public,2005,4,4,repealed:4,act_public_1986_33_en_2005-05-20
act_public_1986_39,act_public,2018,24,24,repealed:24,act_public_1986_39_en_2018-11-26
act_public_1986_48,act_public,2017,5,5,repealed:5,act_public_1986_48_en_2017-06-03
act_public_1986_5,act_public,2025,1106,1106,added:21;amended:264;brought into force:1;editorial change:2;inserted:483;repealed:194;replaced:79;substituted:62,act_public_1986_5_en_2025-11-27
act_public_1986_6,act_public,2011,161,161,__unclassified__:1;added:1;amended:40;inserted:42;repealed:52;substituted:25,act_public_1986_6_en_2011-05-01
act_public_1986_9,act_public,2017,1,1,repealed:1,act_public_1986_9_en_2017-06-03
act_public_1987_106,act_public,2018,36,36,__missing__:1;amended:1;repealed:34,act_public_1987_106_en_2018-11-26
act_public_1987_114,act_public,1998,6,6,amended:1;repealed:4;substituted:1,act_public_1987_114_en_1998-05-22
act_public_1987_115,act_public,2017,1,1,repealed:1,act_public_1987_115_en_2017-06-03
act_public_1987_116,act_public,2012,135,135,added:1;amended:32;inserted:24;repealed:74;substituted:4,act_public_1987_116_en_2012-10-01
act_public_1987_126,act_public,2012,1,1,repealed:1,act_public_1987_126_en_2012-08-31
act_public_1987_129,act_public,2025,485,485,__missing__:1;__unclassified__:3;added:5;amended:171;inserted:143;repealed:75;replaced:57;substituted:30,act_public_1987_129_en_2025-07-01
act_public_1987_15,act_public,2025,151,151,added:2;amended:48;inserted:66;repealed:12;replaced:13;substituted:10,act_public_1987_15_en_2025-03-30
act_public_1987_165,act_public,2007,1,1,repealed:1,act_public_1987_165_en_2007-09-03
act_public_1987_174,act_public,2026,180,180,added:5;amended:74;editorial change:1;inserted:56;repealed:17;replaced:16;substituted:11,act_public_1987_174_en_2026-01-15
act_public_1987_176,act_public,2016,50,50,added:2;amended:15;inserted:2;repealed:25;replaced:1;substituted:5,act_public_1987_176_en_2016-04-30
act_public_1987_178,act_public,2017,24,24,added:1;amended:12;inserted:2;repealed:3;substituted:6,act_public_1987_178_en_2017-01-01
act_public_1987_179,act_public,2021,31,31,amended:23;inserted:2;repealed:2;replaced:2;substituted:2,act_public_1987_179_en_2021-10-28
act_public_1987_181,act_public,2017,1,1,repealed:1,act_public_1987_181_en_2017-06-03
act_public_1987_182,act_public,2012,2,2,repealed:2,act_public_1987_182_en_2012-04-06
act_public_1987_183,act_public,2021,18,18,amended:1;inserted:2;repealed:15,act_public_1987_183_en_2021-10-28
act_public_1987_188,act_public,2017,2,2,amended:1;repealed:1,act_public_1987_188_en_2017-09-01
act_public_1987_195,act_public,2025,24,24,amended:7;inserted:8;repealed:2;substituted:7,act_public_1987_195_en_2025-04-05
act_public_1987_200,act_public,2017,29,29,amended:10;repealed:18;substituted:1,act_public_1987_200_en_2017-06-03
act_public_1987_5,act_public,2023,56,56,amended:28;brought into force:1;inserted:8;repealed:9;replaced:1;substituted:9,act_public_1987_5_en_2023-01-24
act_public_1987_6,act_public,2017,1,1,repealed:1,act_public_1987_6_en_2017-06-03
act_public_1987_65,act_public,2025,848,848,added:47;amended:261;brought into force:4;editorial change:4;inserted:392;repealed:43;replaced:33;substituted:64,act_public_1987_65_en_2025-11-27B
act_public_1987_74,act_public,2010,807,807,__missing__:1;__unclassified__:8;added:4;amended:305;inserted:304;repealed:32;substituted:153,act_public_1987_74_en_2010-11-29
act_public_1987_86,act_public,2013,14,14,__unclassified__:1;amended:7;repealed:6,act_public_1987_86_en_2013-07-01
act_public_1987_88,act_public,2014,18,18,added:3;amended:8;inserted:1;repealed:1;replaced:1;substituted:4,act_public_1987_88_en_2014-11-12
act_public_1987_93,act_public,2021,184,184,added:6;amended:89;inserted:52;repealed:9;replaced:19;substituted:9,act_public_1987_93_en_2021-10-28
act_public_1988_105,act_public,1992,7,7,repealed:7,act_public_1988_105_en_1992-02-01
act_public_1988_107,act_public,2018,11,11,amended:4;repealed:7,act_public_1988_107_en_2018-11-12
act_public_1988_110,act_public,2026,311,311,added:1;amended:213;inserted:45;repealed:26;replaced:23;substituted:3,act_public_1988_110_en_2026-01-24
act_public_1988_111,act_public,2007,90,90,amended:13;inserted:7;repealed:59;substituted:11,act_public_1988_111_en_2007-11-29
act_public_1988_112,act_public,2025,54,54,amended:9;inserted:1;repealed:43;replaced:1,act_public_1988_112_en_2025-11-13
act_public_1988_119,act_public,2021,1,1,repealed:1,act_public_1988_119_en_2021-01-30
act_public_1988_122,act_public,2012,1,1,repealed:1,act_public_1988_122_en_2012-08-31
act_public_1988_126,act_public,2025,32,32,added:1;amended:13;inserted:3;repealed:9;replaced:2;substituted:4,act_public_1988_126_en_2025-11-13
act_public_1988_128,act_public,2017,38,38,amended:7;brought into force:8;repealed:21;substituted:2,act_public_1988_128_en_2017-06-03
act_public_1988_140,act_public,2008,1,1,repealed:1,act_public_1988_140_en_2008-08-01
act_public_1988_141,act_public,2012,4,4,amended:2;repealed:2,act_public_1988_141_en_2012-08-31
act_public_1988_144,act_public,2017,1,1,repealed:1,act_public_1988_144_en_2017-06-03
act_public_1988_154,act_public,2012,4,4,brought into force:2;repealed:2,act_public_1988_154_en_2012-08-31
act_public_1988_155,act_public,2024,184,184,added:4;amended:75;inserted:74;repealed:13;replaced:8;substituted:10,act_public_1988_155_en_2024-05-01
act_public_1988_156,act_public,2017,11,11,__missing__:7;__unclassified__:1;repealed:3,act_public_1988_156_en_2017-06-03
act_public_1988_157,act_public,2021,62,62,added:1;amended:12;brought into force:1;inserted:25;repealed:6;replaced:3;substituted:14,act_public_1988_157_en_2021-10-28
act_public_1988_158,act_public,2019,186,186,added:1;amended:68;inserted:85;repealed:13;replaced:6;substituted:13,act_public_1988_158_en_2019-07-31
act_public_1988_159,act_public,2023,26,26,amended:10;inserted:7;repealed:5;substituted:4,act_public_1988_159_en_2023-04-05
act_public_1988_167,act_public,2015,1,1,repealed:1,act_public_1988_167_en_2015-10-21
act_public_1988_172,act_public,2021,5,5,amended:2;inserted:1;repealed:1;substituted:1,act_public_1988_172_en_2021-10-28
act_public_1988_178,act_public,2010,1,1,repealed:1,act_public_1988_178_en_2010-06-01
act_public_1988_19,act_public,2021,2,2,amended:1;inserted:1,act_public_1988_19_en_2021-10-28
act_public_1988_2,act_public,2025,99,99,added:17;amended:37;brought into force:1;inserted:15;repealed:15;substituted:14,act_public_1988_2_en_2025-11-27
act_public_1988_20,act_public,2020,470,470,amended:134;inserted:98;repealed:154;replaced:37;substituted:47,act_public_1988_20_en_2020-08-07
act_public_1988_228,act_public,2011,1,1,repealed:1,act_public_1988_228_en_2011-09-16
act_public_1988_229,act_public,2022,10,10,added:1;amended:4;repealed:4;substituted:1,act_public_1988_229_en_2022-09-28
act_public_1988_230,act_public,2017,2,2,repealed:2,act_public_1988_230_en_2017-03-21
act_public_1988_231,act_public,2011,1,1,repealed:1,act_public_1988_231_en_2011-09-16
act_public_1988_234,act_public,2014,737,737,added:12;amended:228;brought into force:1;inserted:279;repealed:121;replaced:6;substituted:90,act_public_1988_234_en_2014-12-01
act_public_1988_4,act_public,2026,313,313,__unclassified__:2;added:9;amended:162;inserted:80;repealed:9;replaced:16;substituted:35,act_public_1988_4_en_2026-04-01
act_public_1988_42,act_public,2018,2,2,amended:2,act_public_1988_42_en_2018-11-12
act_public_1988_5,act_public,2016,45,45,added:2;amended:10;inserted:3;repealed:23;substituted:7,act_public_1988_5_en_2016-03-01
act_public_1988_91,act_public,2022,55,55,added:4;amended:17;inserted:10;repealed:4;replaced:7;substituted:13,act_public_1988_91_en_2022-11-30
act_public_1988_95,act_public,2012,11,11,amended:8;repealed:1;substituted:2,act_public_1988_95_en_2012-08-31
act_public_1989_1,act_public,2008,16,16,__missing__:1;__unclassified__:1;amended:4;inserted:3;repealed:4;substituted:3,act_public_1989_1_en_2008-04-01
act_public_1989_10,act_public,2014,210,210,added:17;amended:92;inserted:38;repealed:44;replaced:1;substituted:18,act_public_1989_10_en_2014-12-01
act_public_1989_105,act_public,2009,1,1,repealed:1,act_public_1989_105_en_2009-06-29
act_public_1989_106,act_public,2025,58,58,added:31;amended:11;editorial change:1;inserted:5;repealed:7;substituted:3,act_public_1989_106_en_2025-08-01
act_public_1989_11,act_public,2025,169,169,added:9;amended:97;inserted:27;repealed:6;replaced:8;substituted:22,act_public_1989_11_en_2025-04-05
act_public_1989_119,act_public,1999,6,6,repealed:6,act_public_1989_119_en_1999-09-01
act_public_1989_120,act_public,2017,4,4,repealed:4,act_public_1989_120_en_2017-07-01
act_public_1989_13,act_public,2017,30,30,repealed:30,act_public_1989_13_en_2017-06-03
act_public_1989_130,act_public,2017,12,12,amended:2;brought into force:2;expired:1;repealed:7,act_public_1989_130_en_2017-06-03
act_public_1989_131,act_public,2012,1,1,repealed:1,act_public_1989_131_en_2012-08-31
act_public_1989_136,act_public,2020,11,11,amended:2;repealed:9,act_public_1989_136_en_2020-08-07
act_public_1989_140,act_public,2023,171,171,added:4;amended:38;brought into force:1;inserted:45;repealed:69;replaced:6;substituted:8,act_public_1989_140_en_2023-07-01
act_public_1989_142,act_public,2013,46,46,amended:2;inserted:13;repealed:31,act_public_1989_142_en_2013-08-05
act_public_1989_143,act_public,2013,4,4,repealed:1;substituted:3,act_public_1989_143_en_2013-08-05
act_public_1989_145,act_public,2017,1,1,repealed:1,act_public_1989_145_en_2017-06-03
act_public_1989_148,act_public,2025,442,442,added:12;amended:257;brought into force:1;expired:1;inserted:60;repealed:36;replaced:8;substituted:67,act_public_1989_148_en_2025-11-27
act_public_1989_157,act_public,2024,795,795,__missing__:2;amended:137;inserted:173;repealed:400;replaced:83,act_public_1989_157_en_2024-03-01
act_public_1989_16,act_public,1995,1,1,repealed:1,act_public_1989_16_en_1995-10-03
act_public_1989_18,act_public,2026,117,117,added:5;amended:50;editorial change:1;inserted:37;repealed:2;replaced:7;substituted:15,act_public_1989_18_en_2026-03-05
act_public_1989_24,act_public,2025,2071,2071,amended:1256;brought into force:1;expired:4;inserted:456;repealed:101;replaced:253,act_public_1989_24_en_2025-11-27
act_public_1989_25,act_public,2025,259,259,added:10;amended:46;inserted:57;repealed:98;replaced:18;substituted:30,act_public_1989_25_en_2025-10-17
act_public_1989_4,act_public,2012,3,3,repealed:3,act_public_1989_4_en_2012-08-31
act_public_1989_44,act_public,2025,828,828,added:4;amended:209;editorial change:1;inserted:309;repealed:133;replaced:98;substituted:74,act_public_1989_44_en_2025-11-13
act_public_1989_51,act_public,2017,8,8,repealed:8,act_public_1989_51_en_2017-06-03
act_public_1989_6,act_public,2017,2,2,amended:1;repealed:1,act_public_1989_6_en_2017-06-03
act_public_1989_61,act_public,2017,9,9,amended:8;repealed:1,act_public_1989_61_en_2017-06-03
act_public_1989_63,act_public,2013,531,531,__missing__:4;amended:222;inserted:145;repealed:83;replaced:77,act_public_1989_63_en_2013-12-18
act_public_1989_64,act_public,2022,23,23,amended:14;inserted:3;repealed:1;replaced:2;substituted:3,act_public_1989_64_en_2022-04-12
act_public_1989_66,act_public,2017,3,3,amended:2;repealed:1,act_public_1989_66_en_2017-06-03
act_public_1989_67,act_public,2020,8,8,repealed:8,act_public_1989_67_en_2020-08-07
act_public_1989_68,act_public,2021,302,302,__missing__:1;added:1;amended:251;editorial change:13;inserted:7;repealed:20;replaced:4;substituted:5,act_public_1989_68_en_2021-10-28
act_public_1989_74,act_public,2009,236,236,__missing__:4;amended:59;brought into force:1;inserted:47;repealed:110;substituted:15,act_public_1989_74_en_2009-01-01
act_public_1989_75,act_public,2026,390,390,__missing__:2;amended:172;inserted:46;repealed:145;replaced:25,act_public_1989_75_en_2026-05-07
act_public_1989_80,act_public,2020,3090,3090,__unclassified__:1;amended:902;brought into force:1;inserted:1245;repealed:530;replaced:411,act_public_1989_80_en_2020-08-01
act_public_1989_81,act_public,1994,29,29,__missing__:3;__unclassified__:1;repealed:25,act_public_1989_81_en_1994-07-01
act_public_1989_82,act_public,2017,4,4,repealed:4,act_public_1989_82_en_2017-06-03
act_public_1989_96,act_public,2012,4,4,amended:1;repealed:3,act_public_1989_96_en_2012-07-01
act_public_1989_97,act_public,1996,2,2,amended:2,act_public_1989_97_en_1996-07-01
act_public_1989_99,act_public,2023,60,60,amended:41;editorial change:1;inserted:5;repealed:4;replaced:8;substituted:1,act_public_1989_99_en_2023-12-23
act_public_1990_10,act_public,2017,1,1,repealed:1,act_public_1990_10_en_2017-06-03
act_public_1990_100,act_public,1992,1,1,substituted:1,act_public_1990_100_en_1992-07-01
act_public_1990_101,act_public,2012,3,3,amended:1;repealed:2,act_public_1990_101_en_2012-08-31
act_public_1990_105,act_public,2023,38,38,__missing__:1;added:1;amended:15;inserted:9;repealed:7;substituted:5,act_public_1990_105_en_2023-12-23
act_public_1990_108,act_public,2025,658,658,added:2;amended:168;inserted:242;repealed:186;replaced:43;substituted:17,act_public_1990_108_en_2025-06-17
act_public_1990_109,act_public,2022,5,5,amended:1;inserted:3;substituted:1,act_public_1990_109_en_2022-08-30
act_public_1990_115,act_public,2017,12,12,repealed:12,act_public_1990_115_en_2017-06-03
act_public_1990_126,act_public,2021,120,120,added:3;amended:51;editorial change:1;inserted:29;repealed:13;replaced:8;substituted:15,act_public_1990_126_en_2021-10-28
act_public_1990_127,act_public,2022,56,56,amended:8;inserted:25;repealed:17;replaced:4;substituted:2,act_public_1990_127_en_2022-09-01
act_public_1990_135,act_public,2011,1,1,repealed:1,act_public_1990_135_en_2011-05-10
act_public_1990_136,act_public,2017,4,4,repealed:4,act_public_1990_136_en_2017-07-01
act_public_1990_26,act_public,2018,139,139,amended:15;inserted:11;repealed:109;replaced:1;substituted:3,act_public_1990_26_en_2018-11-26
act_public_1990_28,act_public,2025,236,236,__unclassified__:2;added:4;amended:144;brought into force:1;editorial change:2;inserted:35;repealed:13;substituted:35,act_public_1990_28_en_2025-11-27
act_public_1990_29,act_public,2022,4,4,repealed:4,act_public_1990_29_en_2022-11-01
act_public_1990_30,act_public,2008,28,28,amended:24;inserted:1;repealed:3,act_public_1990_30_en_2008-04-01
act_public_1990_31,act_public,2013,47,47,added:1;amended:7;repealed:39,act_public_1990_31_en_2013-07-01
act_public_1990_32,act_public,2008,7,7,amended:1;inserted:1;repealed:2;substituted:3,act_public_1990_32_en_2008-09-30
act_public_1990_36,act_public,2017,14,14,__missing__:1;amended:8;brought into force:2;repealed:3,act_public_1990_36_en_2017-06-03
act_public_1990_37,act_public,2012,5,5,repealed:5,act_public_1990_37_en_2012-08-31
act_public_1990_4,act_public,2017,5,5,amended:4;repealed:1,act_public_1990_4_en_2017-06-03
act_public_1990_41,act_public,2007,3,3,inserted:1;repealed:2,act_public_1990_41_en_2007-09-03
act_public_1990_43,act_public,2007,9,9,repealed:9,act_public_1990_43_en_2007-09-03
act_public_1990_46,act_public,2007,21,21,amended:3;inserted:1;repealed:14;substituted:3,act_public_1990_46_en_2007-08-01
act_public_1990_51,act_public,2025,38,38,amended:32;editorial change:1;inserted:1;repealed:3;substituted:1,act_public_1990_51_en_2025-11-27
act_public_1990_52,act_public,2023,33,33,amended:29;inserted:1;repealed:1;replaced:2,act_public_1990_52_en_2023-12-23
act_public_1990_54,act_public,2017,1,1,repealed:1,act_public_1990_54_en_2017-06-03
act_public_1990_56,act_public,2025,17,17,amended:8;editorial change:1;expired:1;inserted:5;repealed:1;substituted:1,act_public_1990_56_en_2025-04-05
act_public_1990_57,act_public,2022,57,57,added:1;amended:14;inserted:38;repealed:2;replaced:2,act_public_1990_57_en_2022-04-12
act_public_1990_60,act_public,2020,12,12,amended:3;repealed:9,act_public_1990_60_en_2020-08-01
act_public_1990_64,act_public,2007,5,5,repealed:5,act_public_1990_64_en_2007-09-03
act_public_1990_68,act_public,2021,66,66,__missing__:4;added:3;amended:9;brought into force:2;inserted:3;repealed:40;substituted:5,act_public_1990_68_en_2021-10-28
act_public_1990_7,act_public,2007,2,2,repealed:2,act_public_1990_7_en_2007-12-03
act_public_1990_72,act_public,2011,50,50,amended:7;inserted:3;repealed:31;substituted:9,act_public_1990_72_en_2011-02-01
act_public_1990_73,act_public,2021,14,14,amended:5;brought into force:2;inserted:2;repealed:4;substituted:1,act_public_1990_73_en_2021-10-28
act_public_1990_74,act_public,2018,16,16,repealed:16,act_public_1990_74_en_2018-11-26
act_public_1990_76,act_public,1990,1,1,substituted:1,act_public_1990_76_en_1990-08-01
act_public_1990_77,act_public,2017,4,4,repealed:4,act_public_1990_77_en_2017-06-03
act_public_1990_78,act_public,2020,2,2,amended:1;repealed:1,act_public_1990_78_en_2020-08-07
act_public_1990_82,act_public,2023,1,1,repealed:1,act_public_1990_82_en_2023-01-24
act_public_1990_83,act_public,2007,1,1,amended:1,act_public_1990_83_en_2007-09-03
act_public_1990_85,act_public,2022,1,1,repealed:1,act_public_1990_85_en_2022-11-01
act_public_1990_92,act_public,1995,2,2,__unclassified__:1;repealed:1,act_public_1990_92_en_1995-04-01
act_public_1990_98,act_public,2025,983,983,added:62;amended:380;brought into force:1;inserted:333;repealed:108;replaced:19;substituted:80,act_public_1990_98_en_2025-04-05
act_public_1990_99,act_public,2025,171,171,added:14;amended:54;editorial change:3;inserted:33;repealed:42;replaced:1;substituted:24,act_public_1990_99_en_2025-04-05B
act_public_1991_1,act_public,2018,23,23,repealed:23,act_public_1991_1_en_2018-11-26
act_public_1991_110,act_public,2014,58,58,__missing__:4;amended:19;inserted:1;repealed:30;substituted:4,act_public_1991_110_en_2014-07-01
act_public_1991_113,act_public,2010,4,4,__missing__:1;inserted:1;repealed:2,act_public_1991_113_en_2010-11-29
act_public_1991_114,act_public,2011,2,2,amended:1;repealed:1,act_public_1991_114_en_2011-05-01
act_public_1991_116,act_public,2025,14,14,amended:9;repealed:3;substituted:2,act_public_1991_116_en_2025-04-05
act_public_1991_118,act_public,2018,1,1,repealed:1,act_public_1991_118_en_2018-11-12
act_public_1991_119,act_public,2014,22,22,amended:7;inserted:1;repealed:3;replaced:1;substituted:10,act_public_1991_119_en_2014-12-01
act_public_1991_120,act_public,2009,63,63,added:1;amended:20;inserted:35;repealed:1;substituted:6,act_public_1991_120_en_2009-12-01
act_public_1991_122,act_public,2013,12,12,amended:10;repealed:1;substituted:1,act_public_1991_122_en_2013-02-01
act_public_1991_136,act_public,2020,1,1,repealed:1,act_public_1991_136_en_2020-08-01
act_public_1991_142,act_public,2026,1296,1296,__missing__:1;added:13;amended:688;brought into force:1;inserted:322;repealed:115;replaced:121;substituted:35,act_public_1991_142_en_2026-03-31
act_public_1991_145,act_public,2020,1,1,amended:1,act_public_1991_145_en_2020-08-07
act_public_1991_149,act_public,2022,8,8,repealed:8,act_public_1991_149_en_2022-11-01
act_public_1991_15,act_public,2007,3,3,amended:1;repealed:2,act_public_1991_15_en_2007-09-03
act_public_1991_18,act_public,2013,16,16,amended:4;inserted:2;repealed:8;replaced:2,act_public_1991_18_en_2013-07-01
act_public_1991_36,act_public,2005,16,16,repealed:16,act_public_1991_36_en_2005-01-25
act_public_1991_38,act_public,2022,141,141,amended:11;inserted:98;repealed:29;replaced:3,act_public_1991_38_en_2022-04-12
act_public_1991_4,act_public,2018,1,1,repealed:1,act_public_1991_4_en_2018-11-26
act_public_1991_43,act_public,2020,4,4,repealed:4,act_public_1991_43_en_2020-08-01
act_public_1991_49,act_public,2007,28,28,repealed:28,act_public_1991_49_en_2007-09-03
act_public_1991_60,act_public,2018,7,7,amended:6;repealed:1,act_public_1991_60_en_2018-01-01
act_public_1991_61,act_public,2018,3,3,repealed:3,act_public_1991_61_en_2018-01-01
act_public_1991_69,act_public,2026,4216,4216,__missing__:1;amended:1495;editorial change:1;expired:1;inserted:1700;repealed:339;replaced:679,act_public_1991_69_en_2026-04-03
act_public_1991_70,act_public,2025,908,908,added:16;amended:297;inserted:377;repealed:90;replaced:123;substituted:5,act_public_1991_70_en_2025-11-13
act_public_1991_78,act_public,2018,9,9,repealed:9,act_public_1991_78_en_2018-11-26
act_public_1991_8,act_public,2021,7,7,amended:3;inserted:3;repealed:1,act_public_1991_8_en_2021-10-28
act_public_1991_80,act_public,1991,1,1,amended:1,act_public_1991_80_en_1991-08-01
act_public_1991_90,act_public,2020,2,2,repealed:2,act_public_1991_90_en_2020-08-01
act_public_1991_91,act_public,2019,4,4,repealed:4,act_public_1991_91_en_2019-10-01
act_public_1991_93,act_public,2017,18,18,amended:1;brought into force:9;repealed:7;substituted:1,act_public_1991_93_en_2017-06-03
act_public_1991_97,act_public,2012,2,2,brought into force:1;repealed:1,act_public_1991_97_en_2012-08-31
act_public_1992_100,act_public,2007,2,2,repealed:2,act_public_1992_100_en_2007-09-03
act_public_1992_102,act_public,2021,2,2,brought into force:1;inserted:1,act_public_1992_102_en_2021-10-28
act_public_1992_105,act_public,2026,20,20,amended:13;inserted:2;repealed:4;replaced:1,act_public_1992_105_en_2026-04-05
act_public_1992_106,act_public,2014,1,1,repealed:1,act_public_1992_106_en_2014-08-08
act_public_1992_12,act_public,2009,1,1,repealed:1,act_public_1992_12_en_2009-11-16B
act_public_1992_121,act_public,2021,31,31,brought into force:1;inserted:1;repealed:29,act_public_1992_121_en_2021-10-28
act_public_1992_122,act_public,2025,710,710,added:9;amended:204;brought into force:1;inserted:131;repealed:209;replaced:33;substituted:123,act_public_1992_122_en_2025-03-30
act_public_1992_123,act_public,2007,1,1,repealed:1,act_public_1992_123_en_2007-09-03
act_public_1992_124,act_public,2025,436,436,added:5;amended:197;brought into force:1;inserted:163;repealed:19;replaced:29;substituted:22,act_public_1992_124_en_2025-03-30
act_public_1992_127,act_public,2020,2,2,amended:2,act_public_1992_127_en_2020-08-01
act_public_1992_128,act_public,2012,1,1,repealed:1,act_public_1992_128_en_2012-08-31
act_public_1992_129,act_public,2012,1,1,repealed:1,act_public_1992_129_en_2012-08-31
act_public_1992_131,act_public,2014,1,1,repealed:1,act_public_1992_131_en_2014-12-01
act_public_1992_137,act_public,2022,1,1,repealed:1,act_public_1992_137_en_2022-11-01
act_public_1992_141,act_public,2012,470,470,added:38;amended:233;expired:1;inserted:81;repealed:54;substituted:63,act_public_1992_141_en_2012-04-01
act_public_1992_142,act_public,2008,18,18,repealed:18,act_public_1992_142_en_2008-08-01
act_public_1992_15,act_public,2018,3,3,repealed:3,act_public_1992_15_en_2018-11-26
act_public_1992_17,act_public,2018,1,1,repealed:1,act_public_1992_17_en_2018-01-01
act_public_1992_19,act_public,2014,41,41,added:4;amended:6;inserted:1;repealed:24;substituted:6,act_public_1992_19_en_2014-12-01
act_public_1992_20,act_public,2013,15,15,amended:13;inserted:1;substituted:1,act_public_1992_20_en_2013-07-01
act_public_1992_21,act_public,2012,7,7,amended:3;brought into force:2;repealed:2,act_public_1992_21_en_2012-08-31
act_public_1992_23,act_public,2017,1,1,repealed:1,act_public_1992_23_en_2017-06-03
act_public_1992_27,act_public,2010,7,7,amended:4;brought into force:1;repealed:2,act_public_1992_27_en_2010-07-01
act_public_1992_46,act_public,2025,467,467,amended:224;inserted:105;repealed:41;replaced:97,act_public_1992_46_en_2025-01-26
act_public_1992_47,act_public,2025,102,102,added:11;amended:39;brought into force:1;inserted:18;repealed:16;replaced:4;substituted:13,act_public_1992_47_en_2025-03-30
act_public_1992_48,act_public,2011,1,1,repealed:1,act_public_1992_48_en_2011-05-10
act_public_1992_52,act_public,2021,1,1,inserted:1,act_public_1992_52_en_2021-10-28
act_public_1992_55,act_public,2020,160,160,added:37;amended:30;inserted:46;repealed:29;replaced:13;substituted:5,act_public_1992_55_en_2020-04-01
act_public_1992_56,act_public,2021,88,88,added:4;amended:40;brought into force:3;inserted:13;repealed:8;replaced:8;substituted:12,act_public_1992_56_en_2021-10-28
act_public_1992_68,act_public,2008,3,3,repealed:3,act_public_1992_68_en_2008-10-01
act_public_1992_75,act_public,2025,2,2,repealed:2,act_public_1992_75_en_2025-04-05
act_public_1992_76,act_public,2026,577,577,added:1;amended:172;brought into force:2;inserted:223;repealed:155;replaced:24,act_public_1992_76_en_2026-03-02
act_public_1992_79,act_public,2007,2,2,substituted:2,act_public_1992_79_en_2007-09-03
act_public_1992_81,act_public,2017,1,1,repealed:1,act_public_1992_81_en_2017-02-24
act_public_1992_86,act_public,2025,226,226,added:10;amended:30;inserted:111;repealed:27;replaced:12;substituted:36,act_public_1992_86_en_2025-10-01
act_public_1992_89,act_public,2021,95,95,added:4;amended:60;editorial change:3;inserted:8;repealed:7;substituted:13,act_public_1992_89_en_2021-10-28
act_public_1992_90,act_public,2022,2,2,repealed:2,act_public_1992_90_en_2022-11-01
act_public_1992_92,act_public,2023,230,230,added:12;amended:74;inserted:65;repealed:45;replaced:21;substituted:13,act_public_1992_92_en_2023-11-28
act_public_1992_97,act_public,2013,2,2,amended:1;repealed:1,act_public_1992_97_en_2013-12-16
act_public_1993_1,act_public,2020,4,4,amended:3;repealed:1,act_public_1993_1_en_2020-08-01
act_public_1993_101,act_public,2022,180,180,added:1;amended:80;inserted:40;repealed:13;replaced:4;substituted:42,act_public_1993_101_en_2022-04-12
act_public_1993_102,act_public,2021,3,3,added:1;amended:1;inserted:1,act_public_1993_102_en_2021-10-28
act_public_1993_105,act_public,2025,1418,1418,__missing__:5;__unclassified__:1;amended:404;inserted:634;repealed:166;replaced:208,act_public_1993_105_en_2025-07-01
act_public_1993_106,act_public,2014,156,156,__unclassified__:3;added:8;amended:49;inserted:42;repealed:10;replaced:8;substituted:36,act_public_1993_106_en_2014-04-01
act_public_1993_107,act_public,2025,444,444,__unclassified__:1;amended:164;brought into force:2;inserted:152;repealed:59;replaced:66,act_public_1993_107_en_2025-11-27
act_public_1993_110,act_public,2013,1,1,repealed:1,act_public_1993_110_en_2013-12-05
act_public_1993_111,act_public,2013,1,1,repealed:1,act_public_1993_111_en_2013-12-05
act_public_1993_112,act_public,2013,1,1,repealed:1,act_public_1993_112_en_2013-12-05
act_public_1993_114,act_public,2026,2,2,repealed:2,act_public_1993_114_en_2026-04-05
act_public_1993_115,act_public,2013,1,1,repealed:1,act_public_1993_115_en_2013-12-05
act_public_1993_119,act_public,2013,1,1,repealed:1,act_public_1993_119_en_2013-12-18
act_public_1993_121,act_public,2013,11,11,amended:7;inserted:3;repealed:1,act_public_1993_121_en_2013-12-05
act_public_1993_122,act_public,2026,140,140,added:8;amended:50;inserted:49;repealed:7;replaced:22;substituted:4,act_public_1993_122_en_2026-04-05
act_public_1993_124,act_public,2018,2,2,repealed:2,act_public_1993_124_en_2018-11-12
act_public_1993_126,act_public,2013,5,5,added:3;amended:1;repealed:1,act_public_1993_126_en_2013-12-05
act_public_1993_13,act_public,2005,2,2,amended:1;repealed:1,act_public_1993_13_en_2005-04-01
act_public_1993_147,act_public,2017,19,19,amended:12;brought into force:2;repealed:3;substituted:2,act_public_1993_147_en_2017-06-03
act_public_1993_149,act_public,2018,8,8,amended:5;repealed:3,act_public_1993_149_en_2018-11-26
act_public_1993_18,act_public,2011,1,1,repealed:1,act_public_1993_18_en_2011-02-01
act_public_1993_23,act_public,2024,118,118,__missing__:1;added:1;amended:58;inserted:19;repealed:23;replaced:11;substituted:5,act_public_1993_23_en_2024-06-30
act_public_1993_24,act_public,2007,9,9,repealed:9,act_public_1993_24_en_2007-09-03
act_public_1993_28,act_public,2020,428,428,amended:248;expired:1;inserted:115;repealed:31;replaced:33,act_public_1993_28_en_2020-12-01
act_public_1993_38,act_public,2014,156,156,added:10;amended:52;inserted:21;repealed:48;replaced:1;substituted:24,act_public_1993_38_en_2014-05-20
act_public_1993_4,act_public,2026,796,796,added:25;amended:346;inserted:240;repealed:55;replaced:62;substituted:68,act_public_1993_4_en_2026-04-30
act_public_1993_43,act_public,2013,55,55,repealed:55,act_public_1993_43_en_2013-07-01
act_public_1993_47,act_public,2009,8,8,repealed:8,act_public_1993_47_en_2009-06-29
act_public_1993_49,act_public,2017,4,4,repealed:4,act_public_1993_49_en_2017-06-03
act_public_1993_50,act_public,2023,53,53,amended:45;inserted:3;repealed:2;replaced:2;substituted:1,act_public_1993_50_en_2023-12-23
act_public_1993_53,act_public,2021,1,1,inserted:1,act_public_1993_53_en_2021-10-28
act_public_1993_57,act_public,2018,7,7,amended:1;repealed:6,act_public_1993_57_en_2018-11-26
act_public_1993_6,act_public,2010,5,5,repealed:5,act_public_1993_6_en_2010-11-29
act_public_1993_65,act_public,2007,25,25,repealed:24;substituted:1,act_public_1993_65_en_2007-09-03
act_public_1993_69,act_public,2007,10,10,repealed:10,act_public_1993_69_en_2007-09-03
act_public_1993_82,act_public,2025,470,470,added:15;amended:155;editorial change:1;inserted:146;repealed:61;replaced:19;substituted:73,act_public_1993_82_en_2025-11-27B
act_public_1993_83,act_public,2010,7,7,repealed:7,act_public_1993_83_en_2010-01-01
act_public_1993_84,act_public,2024,87,87,added:1;amended:37;inserted:12;repealed:30;replaced:4;substituted:3,act_public_1993_84_en_2024-07-01
act_public_1993_86,act_public,2012,1,1,repealed:1,act_public_1993_86_en_2012-08-31
act_public_1993_87,act_public,2026,1832,1832,__missing__:3;__unclassified__:3;added:18;amended:839;brought into force:1;expired:5;inserted:421;repealed:165;replaced:203;substituted:174,act_public_1993_87_en_2026-01-01
act_public_1993_90,act_public,2025,1,1,repealed:1,act_public_1993_90_en_2025-04-05
act_public_1993_91,act_public,2026,64,64,amended:33;editorial change:1;inserted:13;repealed:6;replaced:4;substituted:7,act_public_1993_91_en_2026-01-24B
act_public_1993_94,act_public,2025,340,340,__unclassified__:1;added:6;amended:113;brought into force:1;inserted:129;repealed:27;replaced:27;substituted:36,act_public_1993_94_en_2025-11-13
act_public_1993_95,act_public,2025,954,954,__unclassified__:1;amended:306;brought into force:1;expired:4;inserted:364;repealed:65;replaced:213,act_public_1993_95_en_2025-04-05C
act_public_1993_96,act_public,2012,2,2,amended:1;repealed:1,act_public_1993_96_en_2012-02-21
act_public_1994_100,act_public,2010,10,10,repealed:10,act_public_1994_100_en_2010-11-29
act_public_1994_104,act_public,2025,1280,1280,__missing__:9;__unclassified__:8;added:27;amended:478;brought into force:7;expired:1;inserted:302;repealed:293;replaced:87;substituted:68,act_public_1994_104_en_2025-11-27
act_public_1994_105,act_public,2007,2,2,repealed:2,act_public_1994_105_en_2007-09-03
act_public_1994_115,act_public,2008,1,1,repealed:1,act_public_1994_115_en_2008-09-30
act_public_1994_116,act_public,2021,11,11,added:1;amended:5;inserted:2;repealed:1;substituted:2,act_public_1994_116_en_2021-10-28
act_public_1994_117,act_public,2012,8,8,amended:4;repealed:1;substituted:3,act_public_1994_117_en_2012-03-07
act_public_1994_119,act_public,2025,59,59,amended:30;brought into force:1;editorial change:1;inserted:6;repealed:6;replaced:14;substituted:1,act_public_1994_119_en_2025-04-05
act_public_1994_121,act_public,2007,3,3,amended:1;repealed:2,act_public_1994_121_en_2007-09-03
act_public_1994_122,act_public,2017,1,1,repealed:1,act_public_1994_122_en_2017-02-24
act_public_1994_125,act_public,2008,6,6,amended:2;inserted:1;repealed:1;substituted:2,act_public_1994_125_en_2008-04-14
act_public_1994_13,act_public,2008,1,1,repealed:1,act_public_1994_13_en_2008-01-01
act_public_1994_132,act_public,1995,1,1,brought into force:1,act_public_1994_132_en_1995-01-01
act_public_1994_134,act_public,2017,10,10,repealed:10,act_public_1994_134_en_2017-06-03
act_public_1994_138,act_public,2014,5,5,amended:3;substituted:2,act_public_1994_138_en_2014-12-01
act_public_1994_139,act_public,2007,2,2,repealed:1;substituted:1,act_public_1994_139_en_2007-09-03
act_public_1994_141,act_public,2022,1,1,repealed:1,act_public_1994_141_en_2022-11-01
act_public_1994_143,act_public,2025,609,609,__missing__:1;__unclassified__:1;added:9;amended:168;brought into force:1;inserted:267;repealed:31;replaced:38;substituted:93,act_public_1994_143_en_2025-11-13
act_public_1994_157,act_public,2008,1,1,repealed:1,act_public_1994_157_en_2008-10-01
act_public_1994_158,act_public,2014,1,1,repealed:1,act_public_1994_158_en_2014-12-01
act_public_1994_159,act_public,2022,1,1,repealed:1,act_public_1994_159_en_2022-09-01
act_public_1994_16,act_public,2013,1,1,repealed:1,act_public_1994_16_en_2013-12-05
act_public_1994_164,act_public,2020,69,69,added:11;amended:19;brought into force:1;inserted:21;repealed:1;replaced:7;substituted:9,act_public_1994_164_en_2020-03-23
act_public_1994_165,act_public,2025,84,84,__unclassified__:1;added:3;amended:44;inserted:21;repealed:4;replaced:3;substituted:8,act_public_1994_165_en_2025-11-27
act_public_1994_166,act_public,2026,4809,4809,__missing__:51;__unclassified__:34;amended:1969;brought into force:2;inserted:1548;repealed:542;replaced:663,act_public_1994_166_en_2026-05-01
act_public_1994_19,act_public,2014,65,65,added:1;amended:21;inserted:2;repealed:29;substituted:12,act_public_1994_19_en_2014-04-30
act_public_1994_25,act_public,2012,1,1,repealed:1,act_public_1994_25_en_2012-08-31
act_public_1994_28,act_public,2013,6,6,repealed:6,act_public_1994_28_en_2013-07-01
act_public_1994_31,act_public,2007,47,47,amended:1;inserted:1;repealed:43;substituted:2,act_public_1994_31_en_2007-09-03
act_public_1994_40,act_public,2007,1,1,repealed:1,act_public_1994_40_en_2007-12-03
act_public_1994_41,act_public,2022,12,12,amended:11;inserted:1,act_public_1994_41_en_2022-07-01
act_public_1994_44,act_public,2008,1,1,repealed:1,act_public_1994_44_en_2008-08-01
act_public_1994_55,act_public,2012,1,1,repealed:1,act_public_1994_55_en_2012-08-31
act_public_1994_60,act_public,2017,2,2,brought into force:1;repealed:1,act_public_1994_60_en_2017-09-01
act_public_1994_61,act_public,2013,2,2,repealed:2,act_public_1994_61_en_2013-12-18
act_public_1994_62,act_public,2011,2,2,repealed:2,act_public_1994_62_en_2011-07-01
act_public_1994_67,act_public,2007,1,1,repealed:1,act_public_1994_67_en_2007-09-03
act_public_1994_68,act_public,2007,14,14,repealed:14,act_public_1994_68_en_2007-09-03
act_public_1994_69,act_public,2007,1,1,repealed:1,act_public_1994_69_en_2007-09-03
act_public_1994_73,act_public,2022,12,12,amended:5;brought into force:2;inserted:1;repealed:3;replaced:1,act_public_1994_73_en_2022-07-01
act_public_1994_75,act_public,2007,134,134,amended:25;inserted:18;repealed:77;substituted:14,act_public_1994_75_en_2007-07-01
act_public_1994_86,act_public,2018,1,1,repealed:1,act_public_1994_86_en_2018-11-26
act_public_1994_87,act_public,2022,5,5,__missing__:2;repealed:1;substituted:2,act_public_1994_87_en_2022-11-01
act_public_1994_88,act_public,2025,189,189,__missing__:1;added:7;amended:78;brought into force:1;inserted:17;repealed:43;replaced:12;substituted:30,act_public_1994_88_en_2025-11-27
act_public_1995_11,act_public,2018,1,1,repealed:1,act_public_1995_11_en_2018-11-12
act_public_1995_16,act_public,2023,297,297,added:10;amended:139;inserted:78;repealed:23;replaced:11;substituted:36,act_public_1995_16_en_2023-06-15
act_public_1995_27,act_public,2021,61,61,amended:46;inserted:3;repealed:7;replaced:2;substituted:3,act_public_1995_27_en_2021-10-28
act_public_1995_28,act_public,2007,1,1,amended:1,act_public_1995_28_en_2007-09-03
act_public_1995_29,act_public,2011,8,8,repealed:8,act_public_1995_29_en_2011-08-13
act_public_1995_31,act_public,2022,26,26,added:1;amended:8;expired:1;inserted:6;repealed:8;replaced:1;substituted:1,act_public_1995_31_en_2022-04-12
act_public_1995_32,act_public,2012,1,1,repealed:1,act_public_1995_32_en_2012-08-31
act_public_1995_36,act_public,1996,2,2,repealed:2,act_public_1995_36_en_1996-09-02
act_public_1995_39,act_public,2021,5,5,brought into force:1;inserted:2;repealed:2,act_public_1995_39_en_2021-10-28
act_public_1995_40,act_public,2007,2,2,repealed:2,act_public_1995_40_en_2007-09-03
act_public_1995_41,act_public,2025,34,34,added:1;amended:14;inserted:5;repealed:8;substituted:6,act_public_1995_41_en_2025-11-13
act_public_1995_42,act_public,2007,4,4,repealed:4,act_public_1995_42_en_2007-09-03
act_public_1995_44,act_public,2011,1,1,repealed:1,act_public_1995_44_en_2011-05-10
act_public_1995_45,act_public,2007,2,2,__missing__:2,act_public_1995_45_en_2007-09-03
act_public_1995_51,act_public,2022,2,2,amended:1;repealed:1,act_public_1995_51_en_2022-11-01
act_public_1995_52,act_public,2021,39,39,added:4;amended:9;brought into force:1;inserted:6;repealed:14;replaced:3;substituted:2,act_public_1995_52_en_2021-10-28
act_public_1995_53,act_public,2007,1,1,repealed:1,act_public_1995_53_en_2007-09-03
act_public_1995_54,act_public,2020,8,8,amended:5;inserted:1;replaced:2,act_public_1995_54_en_2020-08-01
act_public_1995_55,act_public,2025,759,759,added:22;amended:537;brought into force:3;inserted:124;repealed:9;replaced:8;substituted:56,act_public_1995_55_en_2025-11-27
act_public_1995_58,act_public,2021,32,32,added:15;amended:4;brought into force:4;inserted:3;repealed:3;replaced:2;substituted:1,act_public_1995_58_en_2021-10-28
act_public_1995_63,act_public,2010,1,1,repealed:1,act_public_1995_63_en_2010-01-01
act_public_1995_64,act_public,2007,6,6,repealed:6,act_public_1995_64_en_2007-09-03
act_public_1995_65,act_public,2018,1,1,repealed:1,act_public_1995_65_en_2018-01-01
act_public_1995_68,act_public,2009,3,3,amended:2;repealed:1,act_public_1995_68_en_2009-06-29
act_public_1995_69,act_public,2013,10,10,repealed:10,act_public_1995_69_en_2013-07-01
act_public_1995_75,act_public,2007,2,2,substituted:2,act_public_1995_75_en_2007-09-03
act_public_1995_84,act_public,2007,3,3,repealed:3,act_public_1995_84_en_2007-09-03
act_public_1995_86,act_public,2019,225,225,amended:87;brought into force:2;inserted:82;repealed:31;replaced:23,act_public_1995_86_en_2019-07-01
act_public_1995_93,act_public,2007,3,3,repealed:3,act_public_1995_93_en_2007-09-03
act_public_1996_1,act_public,2025,1,1,replaced:1,act_public_1996_1_en_2025-11-27
act_public_1996_100,act_public,2014,1,1,repealed:1,act_public_1996_100_en_2014-12-01
act_public_1996_101,act_public,2014,1,1,repealed:1,act_public_1996_101_en_2014-12-01
act_public_1996_102,act_public,2014,1,1,repealed:1,act_public_1996_102_en_2014-12-01
act_public_1996_104,act_public,2008,9,9,__missing__:1;amended:4;repealed:1;substituted:3,act_public_1996_104_en_2008-04-01
act_public_1996_13,act_public,2025,292,292,added:14;amended:134;brought into force:1;inserted:76;repealed:19;replaced:10;substituted:38,act_public_1996_13_en_2025-04-05
act_public_1996_146,act_public,2009,5,5,repealed:5,act_public_1996_146_en_2009-06-29
act_public_1996_159,act_public,2005,43,43,amended:2;repealed:41,act_public_1996_159_en_2005-04-01
act_public_1996_2,act_public,2007,2,2,__unclassified__:1;amended:1,act_public_1996_2_en_2007-09-03
act_public_1996_22,act_public,2021,34,34,amended:27;inserted:4;repealed:1;replaced:2,act_public_1996_22_en_2021-10-28
act_public_1996_24,act_public,2021,30,30,__unclassified__:1;amended:12;brought into force:1;inserted:3;repealed:7;replaced:2;substituted:4,act_public_1996_24_en_2021-10-28
act_public_1996_25,act_public,2017,1,1,repealed:1,act_public_1996_25_en_2017-06-03
act_public_1996_27,act_public,2018,866,866,__missing__:8;added:29;amended:316;brought into force:1;inserted:301;repealed:60;replaced:41;substituted:110,act_public_1996_27_en_2018-10-01
act_public_1996_30,act_public,2025,1009,1009,__unclassified__:2;added:33;amended:332;brought into force:5;expired:123;inserted:314;repealed:96;replaced:54;substituted:50,act_public_1996_30_en_2025-04-05
act_public_1996_37,act_public,2022,24,24,amended:16;brought into force:1;inserted:3;repealed:2;replaced:2,act_public_1996_37_en_2022-12-15
act_public_1996_38,act_public,2020,35,35,amended:5;repealed:27;substituted:3,act_public_1996_38_en_2020-08-07
act_public_1996_39,act_public,2025,55,55,amended:15;brought into force:1;inserted:22;repealed:13;replaced:2;substituted:2,act_public_1996_39_en_2025-03-30
act_public_1996_40,act_public,2021,58,58,added:1;amended:26;brought into force:2;inserted:19;repealed:7;replaced:3,act_public_1996_40_en_2021-10-28
act_public_1996_41,act_public,2016,1,1,repealed:1,act_public_1996_41_en_2016-03-01
act_public_1996_42,act_public,2018,2,2,amended:1;repealed:1,act_public_1996_42_en_2018-11-26
act_public_1996_46,act_public,2017,21,21,amended:4;inserted:14;repealed:1;replaced:2,act_public_1996_46_en_2017-09-28
act_public_1996_47,act_public,2017,50,50,amended:18;inserted:13;repealed:9;replaced:10,act_public_1996_47_en_2017-09-28
act_public_1996_48,act_public,2017,3,3,repealed:3,act_public_1996_48_en_2017-09-28
act_public_1996_49,act_public,2018,1,1,repealed:1,act_public_1996_49_en_2018-11-26
act_public_1996_52,act_public,2017,1,1,repealed:1,act_public_1996_52_en_2017-06-03
act_public_1996_63,act_public,2012,1,1,repealed:1,act_public_1996_63_en_2012-04-01
act_public_1996_69,act_public,2017,5,5,amended:3;replaced:1;substituted:1,act_public_1996_69_en_2017-03-01
act_public_1996_82,act_public,2008,5,5,amended:4;brought into force:1,act_public_1996_82_en_2008-04-01
act_public_1996_88,act_public,2026,1673,1673,__missing__:4;__unclassified__:1;added:83;amended:619;brought into force:15;editorial change:2;expired:4;inserted:515;repealed:189;replaced:76;substituted:165,act_public_1996_88_en_2026-03-06
act_public_1996_9,act_public,2019,124,124,__missing__:1;added:5;amended:46;brought into force:1;inserted:16;repealed:39;replaced:3;substituted:13,act_public_1996_9_en_2019-08-01
act_public_1996_97,act_public,2016,1,1,repealed:1,act_public_1996_97_en_2016-03-01
act_public_1996_98,act_public,2020,1,1,repealed:1,act_public_1996_98_en_2020-08-01
act_public_1996_99,act_public,2021,73,73,added:1;amended:21;inserted:39;repealed:3;replaced:3;substituted:6,act_public_1996_99_en_2021-01-30
act_public_1997_10,act_public,2018,1,1,repealed:1,act_public_1997_10_en_2018-01-01
act_public_1997_100,act_public,2022,3,3,amended:1;inserted:1;replaced:1,act_public_1997_100_en_2022-04-12
act_public_1997_101,act_public,2022,42,42,amended:30;inserted:2;repealed:3;replaced:5;substituted:2,act_public_1997_101_en_2022-04-12
act_public_1997_103,act_public,2009,2,2,__unclassified__:1;repealed:1,act_public_1997_103_en_2009-06-29
act_public_1997_104,act_public,2007,8,8,amended:1;repealed:7,act_public_1997_104_en_2007-09-03
act_public_1997_106,act_public,2022,36,36,amended:23;inserted:6;repealed:3;replaced:2;substituted:2,act_public_1997_106_en_2022-07-01
act_public_1997_109,act_public,2021,45,45,amended:38;brought into force:1;inserted:4;repealed:2,act_public_1997_109_en_2021-10-28
act_public_1997_11,act_public,2007,1,1,repealed:1,act_public_1997_11_en_2007-09-03
act_public_1997_13,act_public,2007,1,1,repealed:1,act_public_1997_13_en_2007-09-03
act_public_1997_16,act_public,2014,1,1,repealed:1,act_public_1997_16_en_2014-12-01
act_public_1997_20,act_public,2012,1,1,repealed:1,act_public_1997_20_en_2012-08-31
act_public_1997_21,act_public,2018,1,1,repealed:1,act_public_1997_21_en_2018-11-26
act_public_1997_22,act_public,2018,2,2,repealed:2,act_public_1997_22_en_2018-11-26
act_public_1997_23,act_public,2018,7,7,amended:3;repealed:4,act_public_1997_23_en_2018-11-26
act_public_1997_3,act_public,2011,2,2,repealed:2,act_public_1997_3_en_2011-05-10
act_public_1997_30,act_public,2018,1,1,repealed:1,act_public_1997_30_en_2018-11-12
act_public_1997_31,act_public,2022,4,4,__missing__:1;inserted:2;repealed:1,act_public_1997_31_en_2022-11-01
act_public_1997_35,act_public,2023,6,6,__unclassified__:2;amended:1;repealed:3,act_public_1997_35_en_2023-06-15
act_public_1997_41,act_public,2007,2,2,repealed:2,act_public_1997_41_en_2007-09-03
act_public_1997_44,act_public,1999,1,1,repealed:1,act_public_1997_44_en_1999-03-24
act_public_1997_5,act_public,2009,1,1,repealed:1,act_public_1997_5_en_2009-01-01
act_public_1997_53,act_public,2017,1,1,repealed:1,act_public_1997_53_en_2017-03-07
act_public_1997_54,act_public,2014,1,1,repealed:1,act_public_1997_54_en_2014-12-01
act_public_1997_59,act_public,2007,10,10,repealed:10,act_public_1997_59_en_2007-09-03
act_public_1997_60,act_public,2024,54,54,amended:34;brought into force:1;inserted:13;repealed:3;replaced:2;substituted:1,act_public_1997_60_en_2024-05-01
act_public_1997_63,act_public,2018,2,2,repealed:2,act_public_1997_63_en_2018-11-26
act_public_1997_68,act_public,2007,1,1,amended:1,act_public_1997_68_en_2007-09-03
act_public_1997_69,act_public,2007,1,1,repealed:1,act_public_1997_69_en_2007-09-03
act_public_1997_7,act_public,2012,1,1,repealed:1,act_public_1997_7_en_2012-08-01
act_public_1997_71,act_public,2020,1,1,repealed:1,act_public_1997_71_en_2020-12-01
act_public_1997_73,act_public,2017,1,1,repealed:1,act_public_1997_73_en_2017-06-03
act_public_1997_74,act_public,2007,88,88,amended:2;repealed:86,act_public_1997_74_en_2007-09-03
act_public_1997_79,act_public,2012,1,1,repealed:1,act_public_1997_79_en_2012-04-01
act_public_1997_8,act_public,2020,5,5,repealed:5,act_public_1997_8_en_2020-08-07
act_public_1997_81,act_public,2013,3,3,amended:2;repealed:1,act_public_1997_81_en_2013-05-24
act_public_1997_83,act_public,2021,19,19,amended:12;inserted:1;repealed:4;replaced:2,act_public_1997_83_en_2021-10-28
act_public_1997_84,act_public,2003,1,1,substituted:1,act_public_1997_84_en_2003-07-01
act_public_1997_85,act_public,2015,128,128,added:1;amended:82;inserted:20;repealed:13;replaced:1;substituted:11,act_public_1997_85_en_2015-06-06
act_public_1997_87,act_public,2022,381,381,amended:105;brought into force:1;inserted:160;repealed:66;replaced:49,act_public_1997_87_en_2022-11-30
act_public_1997_89,act_public,2007,5,5,amended:2;repealed:3,act_public_1997_89_en_2007-09-03
act_public_1997_9,act_public,2005,31,31,repealed:31,act_public_1997_9_en_2005-04-01
act_public_1997_91,act_public,2007,1,1,repealed:1,act_public_1997_91_en_2007-09-03
act_public_1997_92,act_public,2021,59,59,amended:40;inserted:10;repealed:5;replaced:2;substituted:2,act_public_1997_92_en_2021-10-28
act_public_1997_93,act_public,2007,3,3,repealed:3,act_public_1997_93_en_2007-09-03
act_public_1997_98,act_public,2012,1,1,repealed:1,act_public_1997_98_en_2012-10-01
act_public_1997_99,act_public,2008,1,1,repealed:1,act_public_1997_99_en_2008-12-25
act_public_1998_10,act_public,2018,1,1,repealed:1,act_public_1998_10_en_2018-11-26
act_public_1998_101,act_public,2005,35,35,amended:1;repealed:34,act_public_1998_101_en_2005-04-01
act_public_1998_104,act_public,2018,1,1,repealed:1,act_public_1998_104_en_2018-11-26
act_public_1998_105,act_public,2012,2,2,repealed:2,act_public_1998_105_en_2012-04-01
act_public_1998_106,act_public,2007,1,1,amended:1,act_public_1998_106_en_2007-11-29
act_public_1998_107,act_public,2005,23,23,repealed:23,act_public_1998_107_en_2005-04-01
act_public_1998_108,act_public,2012,1,1,repealed:1,act_public_1998_108_en_2012-04-01
act_public_1998_110,act_public,2026,2456,2456,__unclassified__:1;added:103;amended:1107;brought into force:4;editorial change:1;inserted:748;repealed:180;replaced:208;substituted:104,act_public_1998_110_en_2026-05-07
act_public_1998_111,act_public,2021,14,14,amended:10;repealed:1;replaced:3,act_public_1998_111_en_2021-10-28
act_public_1998_112,act_public,2005,1,1,amended:1,act_public_1998_112_en_2005-01-25
act_public_1998_115,act_public,2010,1,1,brought into force:1,act_public_1998_115_en_2010-10-01
act_public_1998_117,act_public,2007,1,1,repealed:1,act_public_1998_117_en_2007-09-03
act_public_1998_118,act_public,2020,7,7,repealed:7,act_public_1998_118_en_2020-08-01
act_public_1998_119,act_public,2017,1,1,repealed:1,act_public_1998_119_en_2017-05-19
act_public_1998_14,act_public,2007,4,4,amended:2;repealed:2,act_public_1998_14_en_2007-09-03
act_public_1998_16,act_public,2021,1,1,inserted:1,act_public_1998_16_en_2021-10-28
act_public_1998_18,act_public,2018,1,1,repealed:1,act_public_1998_18_en_2018-10-01
act_public_1998_19,act_public,2018,9,9,amended:2;repealed:6;substituted:1,act_public_1998_19_en_2018-11-26
act_public_1998_2,act_public,2022,40,40,amended:26;brought into force:1;inserted:7;repealed:2;replaced:3;substituted:1,act_public_1998_2_en_2022-04-12
act_public_1998_21,act_public,2020,1,1,repealed:1,act_public_1998_21_en_2020-08-01
act_public_1998_22,act_public,2017,1,1,repealed:1,act_public_1998_22_en_2017-06-03
act_public_1998_23,act_public,2010,1,1,repealed:1,act_public_1998_23_en_2010-11-29
act_public_1998_35,act_public,2007,1,1,repealed:1,act_public_1998_35_en_2007-09-03
act_public_1998_36,act_public,2007,2,2,repealed:2,act_public_1998_36_en_2007-09-03
act_public_1998_38,act_public,2018,1,1,repealed:1,act_public_1998_38_en_2018-10-01
act_public_1998_41,act_public,2019,1,1,repealed:1,act_public_1998_41_en_2019-07-01
act_public_1998_42,act_public,2007,4,4,repealed:4,act_public_1998_42_en_2007-09-03
act_public_1998_5,act_public,2012,30,30,added:2;amended:3;expired:1;inserted:2;repealed:18;replaced:1;substituted:3,act_public_1998_5_en_2012-07-01
act_public_1998_50,act_public,2007,1,1,repealed:1,act_public_1998_50_en_2007-12-03
act_public_1998_51,act_public,2008,1,1,repealed:1,act_public_1998_51_en_2008-02-29
act_public_1998_52,act_public,2018,1,1,repealed:1,act_public_1998_52_en_2018-01-01
act_public_1998_56,act_public,2008,1,1,repealed:1,act_public_1998_56_en_2008-10-01
act_public_1998_57,act_public,2020,1,1,repealed:1,act_public_1998_57_en_2020-12-01
act_public_1998_59,act_public,2014,1,1,repealed:1,act_public_1998_59_en_2014-12-01
act_public_1998_6,act_public,2007,1,1,repealed:1,act_public_1998_6_en_2007-09-03
act_public_1998_60,act_public,2018,1,1,repealed:1,act_public_1998_60_en_2018-11-26
act_public_1998_61,act_public,2009,1,1,repealed:1,act_public_1998_61_en_2009-06-29
act_public_1998_64,act_public,2014,1,1,repealed:1,act_public_1998_64_en_2014-12-01
act_public_1998_65,act_public,2023,248,248,amended:22;brought into force:1;inserted:120;repealed:81;replaced:24,act_public_1998_65_en_2023-12-23
act_public_1998_67,act_public,2007,3,3,repealed:3,act_public_1998_67_en_2007-09-03
act_public_1998_69,act_public,2023,119,119,added:6;amended:57;inserted:7;repealed:33;replaced:2;substituted:14,act_public_1998_69_en_2023-12-23
act_public_1998_7,act_public,2005,39,39,repealed:39,act_public_1998_7_en_2005-04-01
act_public_1998_70,act_public,2005,12,12,repealed:12,act_public_1998_70_en_2005-01-25
act_public_1998_76,act_public,2018,7,7,__unclassified__:1;amended:1;repealed:5,act_public_1998_76_en_2018-01-01
act_public_1998_77,act_public,2009,22,22,repealed:22,act_public_1998_77_en_2009-06-29
act_public_1998_78,act_public,2013,4,4,repealed:4,act_public_1998_78_en_2013-07-01
act_public_1998_79,act_public,2007,1,1,repealed:1,act_public_1998_79_en_2007-09-03
act_public_1998_8,act_public,2012,1,1,repealed:1,act_public_1998_8_en_2012-04-01
act_public_1998_83,act_public,2018,1,1,repealed:1,act_public_1998_83_en_2018-10-01
act_public_1998_86,act_public,2007,1,1,amended:1,act_public_1998_86_en_2007-09-03
act_public_1998_88,act_public,2013,175,175,__missing__:1;added:3;amended:21;brought into force:1;inserted:35;repealed:100;substituted:14,act_public_1998_88_en_2013-12-18
act_public_1998_9,act_public,2024,1,1,repealed:1,act_public_1998_9_en_2024-07-01
act_public_1998_94,act_public,2018,1,1,repealed:1,act_public_1998_94_en_2018-11-26
act_public_1998_96,act_public,2018,2,2,added:1;repealed:1,act_public_1998_96_en_2018-11-26
act_public_1998_97,act_public,2022,189,189,amended:149;brought into force:1;inserted:15;repealed:6;replaced:5;substituted:13,act_public_1998_97_en_2022-07-01
act_public_1998_99,act_public,2007,2,2,repealed:1;substituted:1,act_public_1998_99_en_2007-09-03
act_public_1999_10,act_public,2021,17,17,amended:14;inserted:1;replaced:2,act_public_1999_10_en_2021-10-28
act_public_1999_100,act_public,2007,1,1,repealed:1,act_public_1999_100_en_2007-09-03
act_public_1999_101,act_public,2007,2,2,repealed:2,act_public_1999_101_en_2007-09-03
act_public_1999_102,act_public,2022,1,1,repealed:1,act_public_1999_102_en_2022-11-01
act_public_1999_103,act_public,1999,1,1,repealed:1,act_public_1999_103_en_1999-09-08
act_public_1999_104,act_public,2007,1,1,__missing__:1,act_public_1999_104_en_2007-09-03
act_public_1999_105,act_public,2022,1,1,repealed:1,act_public_1999_105_en_2022-11-01
act_public_1999_106,act_public,2007,1,1,__missing__:1,act_public_1999_106_en_2007-09-03
act_public_1999_107,act_public,2020,1,1,repealed:1,act_public_1999_107_en_2020-08-01
act_public_1999_108,act_public,2007,10,10,repealed:10,act_public_1999_108_en_2007-09-03
act_public_1999_109,act_public,2000,1,1,expired:1,act_public_1999_109_en_2000-04-01
act_public_1999_111,act_public,2013,1,1,repealed:1,act_public_1999_111_en_2013-08-05
act_public_1999_115,act_public,2024,93,93,amended:41;inserted:29;repealed:11;replaced:11;substituted:1,act_public_1999_115_en_2024-11-26
act_public_1999_117,act_public,2007,1,1,repealed:1,act_public_1999_117_en_2007-09-03
act_public_1999_118,act_public,2022,9,9,added:2;amended:1;inserted:2;repealed:1;replaced:3,act_public_1999_118_en_2022-04-12
act_public_1999_119,act_public,2017,1,1,repealed:1,act_public_1999_119_en_2017-02-24
act_public_1999_122,act_public,2023,1,1,repealed:1,act_public_1999_122_en_2023-01-24
act_public_1999_125,act_public,2007,5,5,repealed:5,act_public_1999_125_en_2007-09-03
act_public_1999_126,act_public,2025,173,173,__missing__:1;added:19;amended:70;brought into force:3;inserted:35;repealed:12;replaced:11;substituted:22,act_public_1999_126_en_2025-04-05
act_public_1999_127,act_public,2015,1,1,repealed:1,act_public_1999_127_en_2015-06-06
act_public_1999_14,act_public,2017,1,1,repealed:1,act_public_1999_14_en_2017-09-28
act_public_1999_140,act_public,2007,1,1,repealed:1,act_public_1999_140_en_2007-09-03
act_public_1999_141,act_public,2017,3,3,amended:2;repealed:1,act_public_1999_141_en_2017-06-03
act_public_1999_142,act_public,2025,350,350,added:9;amended:126;editorial change:1;expired:1;inserted:121;repealed:37;replaced:47;substituted:8,act_public_1999_142_en_2025-12-17
act_public_1999_143,act_public,2005,14,14,repealed:14,act_public_1999_143_en_2005-04-01
act_public_1999_16,act_public,2010,3,3,inserted:1;repealed:2,act_public_1999_16_en_2010-11-29
act_public_1999_17,act_public,2021,5,5,amended:3;brought into force:1;inserted:1,act_public_1999_17_en_2021-10-28
act_public_1999_18,act_public,2021,2,2,brought into force:1;inserted:1,act_public_1999_18_en_2021-10-28
act_public_1999_19,act_public,2007,1,1,repealed:1,act_public_1999_19_en_2007-09-03
act_public_1999_21,act_public,2007,1,1,repealed:1,act_public_1999_21_en_2007-12-03
act_public_1999_24,act_public,2007,4,4,repealed:4,act_public_1999_24_en_2007-09-03
act_public_1999_25,act_public,2017,1,1,repealed:1,act_public_1999_25_en_2017-06-03
act_public_1999_27,act_public,2012,1,1,repealed:1,act_public_1999_27_en_2012-02-21
act_public_1999_36,act_public,2018,1,1,repealed:1,act_public_1999_36_en_2018-01-01
act_public_1999_37,act_public,2008,1,1,repealed:1,act_public_1999_37_en_2008-08-01
act_public_1999_4,act_public,2018,1,1,repealed:1,act_public_1999_4_en_2018-01-01
act_public_1999_47,act_public,2020,1,1,repealed:1,act_public_1999_47_en_2020-08-07
act_public_1999_53,act_public,2017,4,4,repealed:4,act_public_1999_53_en_2017-06-03
act_public_1999_54,act_public,2022,17,17,amended:7;inserted:8;repealed:1;replaced:1,act_public_1999_54_en_2022-07-01
act_public_1999_55,act_public,2021,159,159,added:10;amended:93;brought into force:4;inserted:21;repealed:7;replaced:8;substituted:16,act_public_1999_55_en_2021-10-28
act_public_1999_56,act_public,2022,89,89,amended:31;inserted:37;repealed:16;replaced:4;substituted:1,act_public_1999_56_en_2022-05-21
act_public_1999_59,act_public,2005,65,65,repealed:65,act_public_1999_59_en_2005-04-01
act_public_1999_60,act_public,2012,1,1,repealed:1,act_public_1999_60_en_2012-04-01
act_public_1999_62,act_public,2005,12,12,repealed:12,act_public_1999_62_en_2005-04-01
act_public_1999_64,act_public,2008,2,2,__unclassified__:1;amended:1,act_public_1999_64_en_2008-08-01
act_public_1999_65,act_public,2008,6,6,amended:2;brought into force:2;repealed:2,act_public_1999_65_en_2008-04-01
act_public_1999_70,act_public,2025,14,14,expired:13;repealed:1,act_public_1999_70_en_2025-04-05
act_public_1999_71,act_public,2010,1,1,repealed:1,act_public_1999_71_en_2010-11-29
act_public_1999_76,act_public,2014,2,2,amended:1;repealed:1,act_public_1999_76_en_2014-12-07
act_public_1999_78,act_public,2013,2,2,repealed:2,act_public_1999_78_en_2013-07-01
act_public_1999_79,act_public,2020,1,1,repealed:1,act_public_1999_79_en_2020-08-01
act_public_1999_82,act_public,2017,16,16,amended:15;repealed:1,act_public_1999_82_en_2017-07-14
act_public_1999_85,act_public,2021,11,11,inserted:4;repealed:4;replaced:2;substituted:1,act_public_1999_85_en_2021-10-28
act_public_1999_87,act_public,2018,1,1,repealed:1,act_public_1999_87_en_2018-01-01
act_public_1999_88,act_public,2018,1,1,repealed:1,act_public_1999_88_en_2018-01-01
act_public_1999_89,act_public,2018,1,1,repealed:1,act_public_1999_89_en_2018-01-01
act_public_1999_91,act_public,2017,1,1,repealed:1,act_public_1999_91_en_2017-09-28
act_public_1999_92,act_public,2013,5,5,inserted:1;repealed:3;substituted:1,act_public_1999_92_en_2013-12-18
act_public_1999_93,act_public,2023,703,703,added:8;amended:289;brought into force:1;inserted:214;repealed:65;replaced:102;substituted:24,act_public_1999_93_en_2023-04-06
act_public_1999_94,act_public,2021,67,67,added:12;amended:19;inserted:8;repealed:21;substituted:7,act_public_1999_94_en_2021-10-28
act_public_1999_95,act_public,2021,10,10,amended:9;inserted:1,act_public_1999_95_en_2021-10-28
act_public_1999_98,act_public,2005,56,56,repealed:56,act_public_1999_98_en_2005-04-01
act_public_2000_1,act_public,2025,48,48,amended:19;inserted:12;repealed:10;replaced:2;substituted:5,act_public_2000_1_en_2025-11-13
act_public_2000_13,act_public,2018,1,1,repealed:1,act_public_2000_13_en_2018-10-01
act_public_2000_14,act_public,2023,78,78,added:2;amended:8;inserted:3;repealed:59;replaced:1;substituted:5,act_public_2000_14_en_2023-12-23
act_public_2000_17,act_public,2025,112,112,added:1;amended:59;inserted:26;repealed:7;replaced:16;substituted:3,act_public_2000_17_en_2025-11-13
act_public_2000_2,act_public,2010,1,1,repealed:1,act_public_2000_2_en_2010-10-04
act_public_2000_21,act_public,2020,1,1,repealed:1,act_public_2000_21_en_2020-08-01
act_public_2000_22,act_public,2007,2,2,amended:2,act_public_2000_22_en_2007-09-03
act_public_2000_24,act_public,2026,1027,1027,__missing__:5;added:36;amended:243;editorial change:3;inserted:465;repealed:121;replaced:114;substituted:40,act_public_2000_24_en_2026-04-05B
act_public_2000_25,act_public,2012,1,1,repealed:1,act_public_2000_25_en_2012-07-01
act_public_2000_26,act_public,2021,139,139,added:1;amended:98;brought into force:1;inserted:5;repealed:14;replaced:6;substituted:14,act_public_2000_26_en_2021-10-28
act_public_2000_28,act_public,2017,1,1,repealed:1,act_public_2000_28_en_2017-06-03
act_public_2000_32,act_public,2014,2,2,amended:2,act_public_2000_32_en_2014-04-30
act_public_2000_33,act_public,2012,1,1,repealed:1,act_public_2000_33_en_2012-04-01
act_public_2000_34,act_public,2007,31,31,repealed:31,act_public_2000_34_en_2007-09-03
act_public_2000_35,act_public,2014,1,1,repealed:1,act_public_2000_35_en_2014-12-01
act_public_2000_36,act_public,2017,1,1,repealed:1,act_public_2000_36_en_2017-07-01
act_public_2000_38,act_public,2025,270,270,added:1;amended:66;brought into force:1;inserted:122;repealed:26;replaced:52;substituted:2,act_public_2000_38_en_2025-11-27
act_public_2000_39,act_public,2005,69,69,amended:8;repealed:59;substituted:2,act_public_2000_39_en_2005-04-01
act_public_2000_42,act_public,2011,170,170,added:26;amended:33;brought into force:1;inserted:27;repealed:33;substituted:50,act_public_2000_42_en_2011-07-01B
act_public_2000_45,act_public,2021,1,1,inserted:1,act_public_2000_45_en_2021-10-28
act_public_2000_48,act_public,2023,71,71,amended:48;inserted:8;repealed:6;replaced:5;substituted:4,act_public_2000_48_en_2023-06-15
act_public_2000_54,act_public,2023,1,1,repealed:1,act_public_2000_54_en_2023-06-15
act_public_2000_58,act_public,2018,1,1,repealed:1,act_public_2000_58_en_2018-10-01
act_public_2000_62,act_public,2007,6,6,repealed:6,act_public_2000_62_en_2007-09-03
act_public_2000_65,act_public,2007,1,1,__missing__:1,act_public_2000_65_en_2007-09-03
act_public_2000_67,act_public,2022,1,1,repealed:1,act_public_2000_67_en_2022-11-01
act_public_2000_68,act_public,2017,1,1,repealed:1,act_public_2000_68_en_2017-07-01
act_public_2000_7,act_public,2022,41,41,added:5;amended:9;inserted:12;repealed:3;replaced:4;substituted:8,act_public_2000_7_en_2022-07-01
act_public_2000_70,act_public,2014,1,1,repealed:1,act_public_2000_70_en_2014-06-17
act_public_2000_73,act_public,2007,22,22,repealed:22,act_public_2000_73_en_2007-07-01
act_public_2000_75,act_public,2008,1,1,repealed:1,act_public_2000_75_en_2008-10-01
act_public_2000_76,act_public,2020,1,1,repealed:1,act_public_2000_76_en_2020-12-01
act_public_2000_77,act_public,2011,1,1,repealed:1,act_public_2000_77_en_2011-04-01
act_public_2000_81,act_public,2018,1,1,repealed:1,act_public_2000_81_en_2018-11-26
act_public_2000_82,act_public,2009,1,1,repealed:1,act_public_2000_82_en_2009-06-29
act_public_2000_85,act_public,2011,6,6,repealed:6,act_public_2000_85_en_2011-05-10
act_public_2000_88,act_public,2018,1,1,repealed:1,act_public_2000_88_en_2018-11-26
act_public_2000_89,act_public,2007,1,1,repealed:1,act_public_2000_89_en_2007-09-03
act_public_2000_90,act_public,2022,18,18,amended:6;brought into force:1;inserted:4;repealed:1;replaced:5;substituted:1,act_public_2000_90_en_2022-04-12
act_public_2000_91,act_public,2022,385,385,added:26;amended:148;inserted:46;repealed:113;replaced:13;substituted:39,act_public_2000_91_en_2022-07-01
act_public_2000_94,act_public,2014,34,34,amended:30;inserted:1;repealed:2;replaced:1,act_public_2000_94_en_2014-04-23
act_public_2000_96,act_public,2012,1,1,repealed:1,act_public_2000_96_en_2012-04-01
act_public_2001_1,act_public,2018,2,2,repealed:2,act_public_2001_1_en_2018-11-26
act_public_2001_10,act_public,2026,135,135,added:2;amended:31;editorial change:1;inserted:45;repealed:42;replaced:12;substituted:2,act_public_2001_10_en_2026-01-01
act_public_2001_100,act_public,2021,108,108,added:4;amended:37;brought into force:2;inserted:14;repealed:35;replaced:3;substituted:13,act_public_2001_100_en_2021-10-28
act_public_2001_103,act_public,2025,1080,1080,__missing__:1;added:24;amended:194;brought into force:1;editorial change:4;expired:3;inserted:566;repealed:133;replaced:48;substituted:106,act_public_2001_103_en_2025-10-01
act_public_2001_104,act_public,2012,1,1,amended:1,act_public_2001_104_en_2012-08-01
act_public_2001_11,act_public,2007,1,1,repealed:1,act_public_2001_11_en_2007-09-03
act_public_2001_22,act_public,2007,1,1,repealed:1,act_public_2001_22_en_2007-12-03
act_public_2001_25,act_public,2014,1,1,repealed:1,act_public_2001_25_en_2014-12-01
act_public_2001_26,act_public,2014,1,1,repealed:1,act_public_2001_26_en_2014-12-01
act_public_2001_27,act_public,2014,1,1,repealed:1,act_public_2001_27_en_2014-12-01
act_public_2001_28,act_public,2007,1,1,repealed:1,act_public_2001_28_en_2007-09-03
act_public_2001_29,act_public,2014,1,1,repealed:1,act_public_2001_29_en_2014-12-01
act_public_2001_31,act_public,2020,40,40,amended:28;editorial change:1;inserted:4;repealed:1;replaced:3;substituted:3,act_public_2001_31_en_2020-08-26
act_public_2001_32,act_public,2007,4,4,brought into force:3;substituted:1,act_public_2001_32_en_2007-09-03
act_public_2001_33,act_public,2007,1,1,amended:1,act_public_2001_33_en_2007-09-03
act_public_2001_35,act_public,2025,592,592,added:11;amended:226;brought into force:2;inserted:258;repealed:38;replaced:34;substituted:23,act_public_2001_35_en_2025-10-12
act_public_2001_37,act_public,2019,8,8,amended:4;repealed:4,act_public_2001_37_en_2019-10-01
act_public_2001_4,act_public,2007,44,44,amended:3;repealed:41,act_public_2001_4_en_2007-09-03
act_public_2001_40,act_public,2007,5,5,repealed:4;substituted:1,act_public_2001_40_en_2007-09-03
act_public_2001_44,act_public,2018,1,1,repealed:1,act_public_2001_44_en_2018-11-26
act_public_2001_47,act_public,2007,1,1,repealed:1,act_public_2001_47_en_2007-09-03
act_public_2001_48,act_public,2008,2,2,amended:1;substituted:1,act_public_2001_48_en_2008-04-01
act_public_2001_49,act_public,2026,1031,1031,__missing__:4;added:55;amended:463;brought into force:2;editorial change:2;expired:1;inserted:197;repealed:146;replaced:55;substituted:106,act_public_2001_49_en_2026-03-31
act_public_2001_5,act_public,2007,1,1,repealed:1,act_public_2001_5_en_2007-09-03
act_public_2001_50,act_public,2012,1,1,repealed:1,act_public_2001_50_en_2012-08-31
act_public_2001_51,act_public,2025,614,614,__missing__:24;__unclassified__:2;added:2;amended:169;inserted:232;repealed:129;replaced:49;substituted:7,act_public_2001_51_en_2025-05-01
act_public_2001_56,act_public,2023,1,1,repealed:1,act_public_2001_56_en_2023-06-15
act_public_2001_60,act_public,2013,1,1,repealed:1,act_public_2001_60_en_2013-07-01
act_public_2001_61,act_public,2018,1,1,repealed:1,act_public_2001_61_en_2018-10-01
act_public_2001_66,act_public,2011,1,1,repealed:1,act_public_2001_66_en_2011-02-01
act_public_2001_69,act_public,2010,1,1,repealed:1,act_public_2001_69_en_2010-10-04
act_public_2001_70,act_public,2011,1,1,repealed:1,act_public_2001_70_en_2011-07-01
act_public_2001_80,act_public,2012,1,1,repealed:1,act_public_2001_80_en_2012-10-01
act_public_2001_82,act_public,2018,1,1,repealed:1,act_public_2001_82_en_2018-01-01
act_public_2001_83,act_public,2018,1,1,repealed:1,act_public_2001_83_en_2018-01-01
act_public_2001_84,act_public,2026,356,356,added:24;amended:123;editorial change:3;inserted:66;repealed:95;replaced:39;substituted:6,act_public_2001_84_en_2026-04-01
act_public_2001_85,act_public,2007,188,188,amended:2;repealed:186,act_public_2001_85_en_2007-09-03
act_public_2001_87,act_public,2025,1,1,repealed:1,act_public_2001_87_en_2025-04-05
act_public_2001_88,act_public,2020,9,9,amended:7;repealed:1;substituted:1,act_public_2001_88_en_2020-08-01
act_public_2001_93,act_public,2023,39,39,amended:23;expired:3;inserted:7;repealed:3;replaced:2;substituted:1,act_public_2001_93_en_2023-04-05
act_public_2001_96,act_public,2008,10,10,__missing__:2;repealed:8,act_public_2001_96_en_2008-12-25
act_public_2001_97,act_public,2014,1,1,repealed:1,act_public_2001_97_en_2014-12-07
act_public_2002_1,act_public,2007,1,1,repealed:1,act_public_2002_1_en_2007-09-03
act_public_2002_10,act_public,2025,474,474,added:8;amended:177;brought into force:2;inserted:179;repealed:41;replaced:41;substituted:26,act_public_2002_10_en_2025-06-17
act_public_2002_11,act_public,2018,22,22,__unclassified__:1;amended:13;inserted:2;repealed:6,act_public_2002_11_en_2018-11-12
act_public_2002_12,act_public,2021,52,52,__missing__:1;added:1;amended:29;expired:1;inserted:13;repealed:2;replaced:3;substituted:2,act_public_2002_12_en_2021-10-28
act_public_2002_13,act_public,2007,2,2,repealed:2,act_public_2002_13_en_2007-09-03
act_public_2002_15,act_public,2007,2,2,repealed:1;substituted:1,act_public_2002_15_en_2007-09-03
act_public_2002_17,act_public,2022,43,43,added:1;amended:25;inserted:7;repealed:1;replaced:7;substituted:2,act_public_2002_17_en_2022-07-01
act_public_2002_2,act_public,2018,1,1,repealed:1,act_public_2002_2_en_2018-10-01
act_public_2002_22,act_public,2010,3,3,repealed:3,act_public_2002_22_en_2010-11-29
act_public_2002_26,act_public,2016,1,1,repealed:1,act_public_2002_26_en_2016-03-01
act_public_2002_28,act_public,2018,1,1,repealed:1,act_public_2002_28_en_2018-11-26
act_public_2002_31,act_public,2018,1,1,repealed:1,act_public_2002_31_en_2018-10-01
act_public_2002_32,act_public,2002,76,76,amended:6;repealed:70,act_public_2002_32_en_2002-10-17
act_public_2002_33,act_public,2025,242,242,amended:95;editorial change:2;inserted:78;repealed:35;replaced:26;substituted:6,act_public_2002_33_en_2025-08-27
act_public_2002_34,act_public,2025,415,415,__unclassified__:3;added:11;amended:182;brought into force:1;inserted:132;repealed:36;replaced:19;substituted:31,act_public_2002_34_en_2025-04-05
act_public_2002_35,act_public,2017,54,54,amended:5;brought into force:1;inserted:8;repealed:31;replaced:4;substituted:5,act_public_2002_35_en_2017-09-01
act_public_2002_36,act_public,2022,35,35,amended:16;inserted:9;repealed:4;replaced:5;substituted:1,act_public_2002_36_en_2022-04-12
act_public_2002_37,act_public,2025,38,38,added:1;amended:21;inserted:5;repealed:2;replaced:4;substituted:5,act_public_2002_37_en_2025-11-13
act_public_2002_38,act_public,2024,85,85,__missing__:1;added:2;amended:5;editorial change:4;inserted:1;repealed:66;replaced:2;substituted:4,act_public_2002_38_en_2024-07-01B
act_public_2002_39,act_public,2022,165,165,__unclassified__:3;added:1;amended:44;inserted:69;repealed:5;replaced:37;substituted:6,act_public_2002_39_en_2022-12-21
act_public_2002_4,act_public,2012,1,1,repealed:1,act_public_2002_4_en_2012-08-01
act_public_2002_40,act_public,2026,2312,2312,added:136;amended:809;brought into force:2;editorial change:3;inserted:788;repealed:261;replaced:244;substituted:69,act_public_2002_40_en_2026-01-01B
act_public_2002_43,act_public,2014,2,2,brought into force:1;repealed:1,act_public_2002_43_en_2014-12-01
act_public_2002_44,act_public,2014,4,4,amended:1;repealed:3,act_public_2002_44_en_2014-12-01
act_public_2002_46,act_public,2023,186,186,amended:62;inserted:65;repealed:24;replaced:34;substituted:1,act_public_2002_46_en_2023-10-05
act_public_2002_47,act_public,2007,68,68,amended:2;repealed:66,act_public_2002_47_en_2007-04-01
act_public_2002_49,act_public,2025,244,244,amended:60;brought into force:1;inserted:115;repealed:20;replaced:48,act_public_2002_49_en_2025-03-30
act_public_2002_5,act_public,2007,3,3,repealed:3,act_public_2002_5_en_2007-09-03
act_public_2002_50,act_public,2020,1,1,repealed:1,act_public_2002_50_en_2020-08-01
act_public_2002_51,act_public,2020,2,2,amended:1;repealed:1,act_public_2002_51_en_2020-04-01
act_public_2002_59,act_public,2023,1,1,repealed:1,act_public_2002_59_en_2023-06-15
act_public_2002_6,act_public,2025,273,273,added:8;amended:112;inserted:104;repealed:10;replaced:15;substituted:24,act_public_2002_6_en_2025-11-27
act_public_2002_63,act_public,2018,5,5,__unclassified__:1;repealed:3;substituted:1,act_public_2002_63_en_2018-01-01
act_public_2002_65,act_public,2017,1,1,repealed:1,act_public_2002_65_en_2017-07-01
act_public_2002_68,act_public,2018,1,1,repealed:1,act_public_2002_68_en_2018-01-01
act_public_2002_7,act_public,2007,2,2,repealed:2,act_public_2002_7_en_2007-09-03
act_public_2002_72,act_public,2017,1,1,repealed:1,act_public_2002_72_en_2017-02-24
act_public_2002_73,act_public,2020,1,1,repealed:1,act_public_2002_73_en_2020-12-01
act_public_2002_75,act_public,2013,1,1,repealed:1,act_public_2002_75_en_2013-12-18
act_public_2002_77,act_public,2017,1,1,repealed:1,act_public_2002_77_en_2017-09-01
act_public_2002_78,act_public,2017,1,1,repealed:1,act_public_2002_78_en_2017-09-01
act_public_2002_79,act_public,2017,1,1,repealed:1,act_public_2002_79_en_2017-09-01
act_public_2002_8,act_public,2018,1,1,repealed:1,act_public_2002_8_en_2018-11-26
act_public_2002_81,act_public,2017,1,1,repealed:1,act_public_2002_81_en_2017-09-01
act_public_2002_82,act_public,2017,1,1,repealed:1,act_public_2002_82_en_2017-09-01
act_public_2002_83,act_public,2021,15,15,amended:8;brought into force:1;inserted:2;substituted:4,act_public_2002_83_en_2021-10-28
act_public_2002_84,act_public,2026,1333,1333,added:17;amended:428;editorial change:3;inserted:481;repealed:203;replaced:176;substituted:25,act_public_2002_84_en_2026-05-07
act_public_2002_85,act_public,2007,1,1,repealed:1,act_public_2002_85_en_2007-09-03
act_public_2002_9,act_public,2025,864,864,amended:244;brought into force:2;inserted:448;repealed:70;replaced:100,act_public_2002_9_en_2025-06-29
act_public_2003_1,act_public,2021,91,91,added:5;amended:10;inserted:42;repealed:21;substituted:13,act_public_2003_1_en_2021-10-28
act_public_2003_108,act_public,2017,1,1,repealed:1,act_public_2003_108_en_2017-09-28
act_public_2003_112,act_public,2026,114,114,__missing__:2;added:3;amended:57;brought into force:1;inserted:32;repealed:8;replaced:10;substituted:1,act_public_2003_112_en_2026-01-24B
act_public_2003_113,act_public,2008,1,1,repealed:1,act_public_2003_113_en_2008-08-01
act_public_2003_114,act_public,2022,430,430,amended:132;brought into force:1;inserted:173;repealed:51;replaced:73,act_public_2003_114_en_2022-11-30
act_public_2003_115,act_public,2025,80,80,amended:29;brought into force:2;inserted:25;repealed:6;replaced:18,act_public_2003_115_en_2025-06-17
act_public_2003_116,act_public,2025,88,88,amended:49;brought into force:2;inserted:28;repealed:1;replaced:5;substituted:3,act_public_2003_116_en_2025-08-01
act_public_2003_118,act_public,2026,914,914,added:5;amended:271;brought into force:1;expired:1;inserted:241;repealed:269;replaced:82;substituted:44,act_public_2003_118_en_2026-05-07
act_public_2003_119,act_public,2007,2,2,amended:1;repealed:1,act_public_2003_119_en_2007-09-03
act_public_2003_12,act_public,2025,229,229,added:7;amended:71;brought into force:1;inserted:67;repealed:49;replaced:15;substituted:19,act_public_2003_12_en_2025-11-27
act_public_2003_121,act_public,2023,76,76,amended:28;inserted:2;repealed:42;substituted:4,act_public_2003_121_en_2023-07-01
act_public_2003_122,act_public,2007,102,102,repealed:102,act_public_2003_122_en_2007-09-03
act_public_2003_124,act_public,2012,1,1,repealed:1,act_public_2003_124_en_2012-04-01
act_public_2003_126,act_public,2022,35,35,amended:19;inserted:4;repealed:5;replaced:7,act_public_2003_126_en_2022-04-12
act_public_2003_128,act_public,2018,91,91,amended:9;inserted:10;repealed:66;replaced:2;substituted:4,act_public_2003_128_en_2018-06-30
act_public_2003_129,act_public,2023,265,265,added:6;amended:151;inserted:73;repealed:14;replaced:5;substituted:16,act_public_2003_129_en_2023-12-20
act_public_2003_16,act_public,2008,6,6,amended:6,act_public_2003_16_en_2008-04-01
act_public_2003_17,act_public,2026,750,750,added:9;amended:472;brought into force:2;editorial change:3;inserted:96;repealed:95;replaced:67;substituted:6,act_public_2003_17_en_2026-02-28
act_public_2003_18,act_public,2014,2,2,__unclassified__:1;repealed:1,act_public_2003_18_en_2014-12-07
act_public_2003_19,act_public,2021,49,49,amended:30;inserted:8;repealed:3;substituted:8,act_public_2003_19_en_2021-10-28
act_public_2003_20,act_public,2022,35,35,amended:16;inserted:7;repealed:4;replaced:7;substituted:1,act_public_2003_20_en_2022-04-12
act_public_2003_21,act_public,2022,175,175,amended:88;inserted:33;repealed:33;replaced:20;substituted:1,act_public_2003_21_en_2022-07-01
act_public_2003_22,act_public,2018,1,1,repealed:1,act_public_2003_22_en_2018-10-01
act_public_2003_23,act_public,2007,2,2,repealed:2,act_public_2003_23_en_2007-09-03
act_public_2003_27,act_public,2025,97,97,added:1;amended:3;editorial change:1;repealed:86;replaced:1;substituted:5,act_public_2003_27_en_2025-07-01
act_public_2003_28,act_public,2023,33,33,amended:25;editorial change:1;inserted:1;repealed:4;replaced:1;substituted:1,act_public_2003_28_en_2023-12-23
act_public_2003_3,act_public,2020,366,366,__unclassified__:1;amended:245;brought into force:1;inserted:81;repealed:21;replaced:14;substituted:3,act_public_2003_3_en_2020-08-01
act_public_2003_30,act_public,2010,3,3,amended:2;repealed:1,act_public_2003_30_en_2010-11-29
act_public_2003_40,act_public,2021,19,19,amended:17;inserted:1;replaced:1,act_public_2003_40_en_2021-10-28
act_public_2003_41,act_public,2020,1,1,repealed:1,act_public_2003_41_en_2020-08-07
act_public_2003_47,act_public,2010,1,1,repealed:1,act_public_2003_47_en_2010-11-29
act_public_2003_48,act_public,2023,200,200,amended:87;inserted:63;repealed:13;replaced:36;substituted:1,act_public_2003_48_en_2023-06-15
act_public_2003_5,act_public,2007,80,80,repealed:80,act_public_2003_5_en_2007-09-03
act_public_2003_51,act_public,2026,706,706,__unclassified__:2;added:3;amended:321;brought into force:3;inserted:155;repealed:126;replaced:89;substituted:7,act_public_2003_51_en_2026-05-01
act_public_2003_52,act_public,2026,611,611,amended:159;brought into force:1;inserted:370;repealed:28;replaced:51;substituted:2,act_public_2003_52_en_2026-01-24
act_public_2003_53,act_public,2017,7,7,amended:4;repealed:1;replaced:2,act_public_2003_53_en_2017-03-01
act_public_2003_61,act_public,2023,1,1,repealed:1,act_public_2003_61_en_2023-06-15
act_public_2003_64,act_public,2012,1,1,repealed:1,act_public_2003_64_en_2012-08-31
act_public_2003_67,act_public,2007,1,1,repealed:1,act_public_2003_67_en_2007-07-01
act_public_2003_7,act_public,2012,1,1,repealed:1,act_public_2003_7_en_2012-04-01
act_public_2003_70,act_public,2018,1,1,repealed:1,act_public_2003_70_en_2018-01-01
act_public_2003_71,act_public,2019,1,1,repealed:1,act_public_2003_71_en_2019-07-01
act_public_2003_79,act_public,2020,1,1,repealed:1,act_public_2003_79_en_2020-04-01
act_public_2003_81,act_public,2011,1,1,repealed:1,act_public_2003_81_en_2011-07-01
act_public_2003_87,act_public,2022,1,1,repealed:1,act_public_2003_87_en_2022-07-01
act_public_2003_9,act_public,2017,83,83,amended:26;inserted:32;repealed:11;replaced:14,act_public_2003_9_en_2017-09-28
act_public_2003_93,act_public,2008,1,1,repealed:1,act_public_2003_93_en_2008-10-01
act_public_2003_94,act_public,2020,1,1,repealed:1,act_public_2003_94_en_2020-12-01
act_public_2003_95,act_public,2011,1,1,repealed:1,act_public_2003_95_en_2011-04-01
act_public_2003_97,act_public,2016,1,1,repealed:1,act_public_2003_97_en_2016-03-01
act_public_2003_98,act_public,2020,1,1,repealed:1,act_public_2003_98_en_2020-08-07
act_public_2004_101,act_public,2018,19,19,amended:18;repealed:1,act_public_2004_101_en_2018-11-26
act_public_2004_102,act_public,2023,40,40,amended:24;inserted:9;repealed:2;replaced:5,act_public_2004_102_en_2023-06-15
act_public_2004_107,act_public,2023,101,101,added:5;amended:40;inserted:30;repealed:4;replaced:4;substituted:18,act_public_2004_107_en_2023-12-23
act_public_2004_109,act_public,2023,141,141,added:18;amended:25;expired:1;inserted:67;repealed:7;replaced:1;substituted:22,act_public_2004_109_en_2023-12-23
act_public_2004_11,act_public,2007,1,1,repealed:1,act_public_2004_11_en_2007-12-03
act_public_2004_113,act_public,2021,3,3,inserted:2;repealed:1,act_public_2004_113_en_2021-10-28
act_public_2004_114,act_public,2017,1,1,repealed:1,act_public_2004_114_en_2017-06-03
act_public_2004_115,act_public,2026,345,345,added:1;amended:133;inserted:106;repealed:61;replaced:43;substituted:1,act_public_2004_115_en_2026-03-20
act_public_2004_15,act_public,2020,1,1,repealed:1,act_public_2004_15_en_2020-08-07
act_public_2004_16,act_public,2025,77,77,amended:49;inserted:18;repealed:4;replaced:5;substituted:1,act_public_2004_16_en_2025-04-05
act_public_2004_17,act_public,2008,1,1,repealed:1,act_public_2004_17_en_2008-10-01
act_public_2004_19,act_public,2014,4,4,amended:1;repealed:1;replaced:2,act_public_2004_19_en_2014-05-11
act_public_2004_20,act_public,2013,106,106,added:1;amended:3;repealed:97;substituted:5,act_public_2004_20_en_2013-07-01
act_public_2004_21,act_public,2013,2,2,inserted:1;repealed:1,act_public_2004_21_en_2013-12-18
act_public_2004_26,act_public,2008,1,1,repealed:1,act_public_2004_26_en_2008-01-01
act_public_2004_31,act_public,2014,1,1,repealed:1,act_public_2004_31_en_2014-12-01
act_public_2004_32,act_public,2014,1,1,repealed:1,act_public_2004_32_en_2014-12-01
act_public_2004_33,act_public,2014,1,1,repealed:1,act_public_2004_33_en_2014-12-01
act_public_2004_34,act_public,2014,1,1,repealed:1,act_public_2004_34_en_2014-12-01
act_public_2004_35,act_public,2025,3516,3516,__missing__:29;__unclassified__:23;added:227;amended:1450;inserted:1010;repealed:164;replaced:30;substituted:583,act_public_2004_35_en_2025-03-29
act_public_2004_36,act_public,2025,62,62,amended:50;brought into force:1;inserted:6;repealed:1;replaced:2;substituted:2,act_public_2004_36_en_2025-11-27
act_public_2004_37,act_public,2008,5,5,amended:4;expired:1,act_public_2004_37_en_2008-03-27
act_public_2004_38,act_public,2025,79,79,added:7;amended:34;brought into force:1;inserted:21;replaced:5;substituted:11,act_public_2004_38_en_2025-11-27
act_public_2004_40,act_public,2007,4,4,repealed:4,act_public_2004_40_en_2007-07-01
act_public_2004_42,act_public,2018,1,1,repealed:1,act_public_2004_42_en_2018-01-01
act_public_2004_45,act_public,2018,1,1,repealed:1,act_public_2004_45_en_2018-01-01
act_public_2004_49,act_public,2021,2,2,inserted:2,act_public_2004_49_en_2021-10-28
act_public_2004_50,act_public,2025,626,626,amended:236;brought into force:2;inserted:262;repealed:47;replaced:79,act_public_2004_50_en_2025-09-30
act_public_2004_51,act_public,2018,2,2,__missing__:1;repealed:1,act_public_2004_51_en_2018-11-26
act_public_2004_55,act_public,2018,1,1,repealed:1,act_public_2004_55_en_2018-10-01
act_public_2004_56,act_public,2010,1,1,repealed:1,act_public_2004_56_en_2010-11-29
act_public_2004_58,act_public,2021,60,60,added:1;amended:34;inserted:9;repealed:7;replaced:9,act_public_2004_58_en_2021-10-28
act_public_2004_59,act_public,2023,21,21,amended:8;inserted:5;substituted:8,act_public_2004_59_en_2023-06-15
act_public_2004_6,act_public,2007,2,2,inserted:1;substituted:1,act_public_2004_6_en_2007-09-03
act_public_2004_69,act_public,2025,12,12,amended:10;brought into force:1;inserted:1,act_public_2004_69_en_2025-04-05
act_public_2004_70,act_public,2025,221,221,amended:170;inserted:30;repealed:4;replaced:16;substituted:1,act_public_2004_70_en_2025-11-27
act_public_2004_72,act_public,2026,1469,1469,amended:521;inserted:646;repealed:69;replaced:233,act_public_2004_72_en_2026-01-15
act_public_2004_73,act_public,2007,20,20,repealed:20,act_public_2004_73_en_2007-08-17
act_public_2004_75,act_public,2020,1,1,repealed:1,act_public_2004_75_en_2020-08-01
act_public_2004_78,act_public,2024,71,71,added:2;amended:43;inserted:24;replaced:1;substituted:1,act_public_2004_78_en_2024-07-27
act_public_2004_8,act_public,2025,5,5,amended:2;repealed:2;substituted:1,act_public_2004_8_en_2025-04-05
act_public_2004_83,act_public,2010,13,13,amended:11;repealed:1;substituted:1,act_public_2004_83_en_2010-11-01
act_public_2004_89,act_public,2007,2,2,amended:2,act_public_2004_89_en_2007-09-03
act_public_2004_90,act_public,2026,336,336,amended:168;inserted:82;repealed:34;replaced:52,act_public_2004_90_en_2026-02-17
act_public_2004_92,act_public,2025,72,72,amended:33;inserted:13;repealed:16;replaced:9;substituted:1,act_public_2004_92_en_2025-08-01
act_public_2004_93,act_public,2011,8,8,amended:5;inserted:2;repealed:1,act_public_2004_93_en_2011-04-01
act_public_2004_95,act_public,2025,1,1,repealed:1,act_public_2004_95_en_2025-04-05
act_public_2004_97,act_public,2007,1,1,expired:1,act_public_2004_97_en_2007-09-03
act_public_2005_1,act_public,2018,1,1,repealed:1,act_public_2005_1_en_2018-10-01
act_public_2005_101,act_public,2018,1,1,repealed:1,act_public_2005_101_en_2018-01-01
act_public_2005_106,act_public,2026,1,1,repealed:1,act_public_2005_106_en_2026-04-05
act_public_2005_107,act_public,2018,1,1,repealed:1,act_public_2005_107_en_2018-01-01
act_public_2005_122,act_public,2012,1,1,repealed:1,act_public_2005_122_en_2012-04-01
act_public_2005_125,act_public,2006,1,1,repealed:1,act_public_2005_125_en_2006-12-13
act_public_2005_126,act_public,2023,69,69,added:2;amended:40;inserted:13;repealed:8;replaced:4;substituted:2,act_public_2005_126_en_2023-06-15
act_public_2005_13,act_public,2021,1,1,repealed:1,act_public_2005_13_en_2021-10-28
act_public_2005_16,act_public,2017,1,1,repealed:1,act_public_2005_16_en_2017-09-01
act_public_2005_17,act_public,2007,1,1,amended:1,act_public_2005_17_en_2007-09-03
act_public_2005_20,act_public,2009,1,1,repealed:1,act_public_2005_20_en_2009-11-16
act_public_2005_21,act_public,2018,1,1,repealed:1,act_public_2005_21_en_2018-11-26
act_public_2005_23,act_public,2021,1,1,repealed:1,act_public_2005_23_en_2021-01-30
act_public_2005_24,act_public,2014,1,1,repealed:1,act_public_2005_24_en_2014-12-07
act_public_2005_28,act_public,2025,35,35,amended:19;inserted:5;repealed:4;replaced:7,act_public_2005_28_en_2025-04-05
act_public_2005_3,act_public,2008,5,5,__unclassified__:2;amended:3,act_public_2005_3_en_2008-11-01
act_public_2005_30,act_public,2018,1,1,repealed:1,act_public_2005_30_en_2018-11-26
act_public_2005_36,act_public,2023,7,7,amended:6;replaced:1,act_public_2005_36_en_2023-12-23
act_public_2005_37,act_public,2023,269,269,amended:216;inserted:32;repealed:8;replaced:12;substituted:1,act_public_2005_37_en_2023-12-23
act_public_2005_38,act_public,2022,29,29,amended:17;inserted:4;repealed:1;replaced:7,act_public_2005_38_en_2022-07-01
act_public_2005_39,act_public,2024,313,313,__unclassified__:1;amended:174;brought into force:4;inserted:85;repealed:26;replaced:23,act_public_2005_39_en_2024-07-05
act_public_2005_40,act_public,2025,50,50,amended:22;inserted:14;repealed:7;replaced:3;substituted:4,act_public_2005_40_en_2025-10-25
act_public_2005_41,act_public,2017,5,5,amended:3;brought into force:2,act_public_2005_41_en_2017-06-01
act_public_2005_43,act_public,2010,2,2,substituted:2,act_public_2005_43_en_2010-11-29
act_public_2005_45,act_public,2019,1,1,brought into force:1,act_public_2005_45_en_2019-10-01
act_public_2005_51,act_public,2007,4,4,repealed:4,act_public_2005_51_en_2007-09-03
act_public_2005_57,act_public,2018,1,1,repealed:1,act_public_2005_57_en_2018-01-01
act_public_2005_58,act_public,2018,1,1,repealed:1,act_public_2005_58_en_2018-11-12
act_public_2005_63,act_public,2022,1,1,repealed:1,act_public_2005_63_en_2022-07-01
act_public_2005_66,act_public,2020,1,1,repealed:1,act_public_2005_66_en_2020-08-01
act_public_2005_69,act_public,2013,1,1,repealed:1,act_public_2005_69_en_2013-12-18
act_public_2005_72,act_public,2022,31,31,amended:13;inserted:7;repealed:5;replaced:6,act_public_2005_72_en_2022-04-12
act_public_2005_74,act_public,2022,99,99,amended:47;inserted:12;repealed:23;replaced:8;substituted:9,act_public_2005_74_en_2022-11-30
act_public_2005_75,act_public,2008,12,12,amended:2;repealed:10,act_public_2005_75_en_2008-08-13
act_public_2005_77,act_public,2007,1,1,brought into force:1,act_public_2005_77_en_2007-10-01
act_public_2005_80,act_public,2020,1,1,repealed:1,act_public_2005_80_en_2020-12-01
act_public_2005_81,act_public,2013,59,59,repealed:59,act_public_2005_81_en_2013-07-18
act_public_2005_82,act_public,2026,731,731,__unclassified__:1;amended:164;brought into force:1;inserted:375;repealed:94;replaced:96,act_public_2005_82_en_2026-03-06
act_public_2005_83,act_public,2007,4,4,amended:1;repealed:3,act_public_2005_83_en_2007-11-20
act_public_2005_84,act_public,2022,24,24,amended:6;inserted:7;repealed:5;replaced:6,act_public_2005_84_en_2022-04-12
act_public_2005_87,act_public,2019,5,5,repealed:5,act_public_2005_87_en_2019-10-24
act_public_2005_94,act_public,2025,1,1,repealed:1,act_public_2005_94_en_2025-04-05
act_public_2006_1,act_public,2026,296,296,added:9;amended:148;brought into force:1;inserted:83;repealed:17;replaced:33;substituted:5,act_public_2006_1_en_2026-04-05
act_public_2006_11,act_public,2020,1,1,repealed:1,act_public_2006_11_en_2020-12-01
act_public_2006_16,act_public,2018,1,1,repealed:1,act_public_2006_16_en_2018-01-01
act_public_2006_18,act_public,2023,5,5,amended:2;inserted:1;replaced:2,act_public_2006_18_en_2023-04-05
act_public_2006_19,act_public,2020,2,2,brought into force:1;repealed:1,act_public_2006_19_en_2020-08-01
act_public_2006_26,act_public,2010,2,2,repealed:2,act_public_2006_26_en_2010-11-27
act_public_2006_3,act_public,2007,9,9,repealed:9,act_public_2006_3_en_2007-12-19
act_public_2006_30,act_public,2009,2,2,repealed:2,act_public_2006_30_en_2009-06-29
act_public_2006_32,act_public,2014,1,1,repealed:1,act_public_2006_32_en_2014-12-07
act_public_2006_35,act_public,2008,23,23,repealed:23,act_public_2006_35_en_2008-06-05
act_public_2006_38,act_public,2026,283,283,__unclassified__:1;amended:121;inserted:84;repealed:19;replaced:58,act_public_2006_38_en_2026-02-01
act_public_2006_40,act_public,2026,897,897,added:22;amended:341;brought into force:2;inserted:174;repealed:175;replaced:145;substituted:38,act_public_2006_40_en_2026-04-01
act_public_2006_43,act_public,2022,46,46,amended:22;editorial change:3;inserted:11;repealed:4;replaced:6,act_public_2006_43_en_2022-04-12
act_public_2006_44,act_public,2016,1,1,repealed:1,act_public_2006_44_en_2016-03-01
act_public_2006_45,act_public,2015,1,1,repealed:1,act_public_2006_45_en_2015-10-21
act_public_2006_46,act_public,2014,4,4,brought into force:3;repealed:1,act_public_2006_46_en_2014-12-01
act_public_2006_47,act_public,2014,2,2,brought into force:1;repealed:1,act_public_2006_47_en_2014-12-01
act_public_2006_48,act_public,2010,4,4,amended:2;brought into force:2,act_public_2006_48_en_2010-07-07
act_public_2006_49,act_public,2008,1,1,brought into force:1,act_public_2006_49_en_2008-02-29
act_public_2006_5,act_public,2011,1,1,repealed:1,act_public_2006_5_en_2011-07-01
act_public_2006_50,act_public,2012,2,2,expired:1;repealed:1,act_public_2006_50_en_2012-08-31
act_public_2006_52,act_public,2020,1,1,repealed:1,act_public_2006_52_en_2020-08-01
act_public_2006_55,act_public,2026,296,296,__unclassified__:2;added:7;amended:150;brought into force:1;inserted:86;repealed:9;replaced:32;substituted:9,act_public_2006_55_en_2026-04-05
act_public_2006_56,act_public,2007,1,1,brought into force:1,act_public_2006_56_en_2007-11-01
act_public_2006_57,act_public,2022,7,7,amended:2;brought into force:1;inserted:3;substituted:1,act_public_2006_57_en_2022-07-01
act_public_2006_58,act_public,2024,55,55,amended:13;inserted:3;repealed:36;replaced:3,act_public_2006_58_en_2024-07-01
act_public_2006_60,act_public,2024,468,468,amended:164;brought into force:2;inserted:236;repealed:29;replaced:37,act_public_2006_60_en_2024-05-01
act_public_2006_61,act_public,2022,18,18,amended:7;inserted:2;repealed:3;replaced:6,act_public_2006_61_en_2022-04-12
act_public_2006_62,act_public,2008,4,4,brought into force:3;repealed:1,act_public_2006_62_en_2008-02-29
act_public_2006_64,act_public,2011,7,7,__unclassified__:5;brought into force:2,act_public_2006_64_en_2011-07-01
act_public_2006_66,act_public,2012,1,1,repealed:1,act_public_2006_66_en_2012-03-07
act_public_2006_67,act_public,2018,1,1,repealed:1,act_public_2006_67_en_2018-11-26
act_public_2006_69,act_public,2026,282,282,added:1;amended:121;brought into force:2;inserted:100;repealed:15;replaced:42;substituted:1,act_public_2006_69_en_2026-02-26
act_public_2006_7,act_public,2018,1,1,repealed:1,act_public_2006_7_en_2018-10-01
act_public_2006_70,act_public,2010,1,1,brought into force:1,act_public_2006_70_en_2010-04-01
act_public_2006_71,act_public,2010,1,1,brought into force:1,act_public_2006_71_en_2010-05-04
act_public_2006_74,act_public,2026,171,171,amended:61;brought into force:1;inserted:87;repealed:1;replaced:21,act_public_2006_74_en_2026-01-15
act_public_2006_8,act_public,2018,1,1,repealed:1,act_public_2006_8_en_2018-01-01
act_public_2006_80,act_public,2007,1,1,repealed:1,act_public_2006_80_en_2007-11-27
act_public_2006_81,act_public,2007,1,1,inserted:1,act_public_2006_81_en_2007-09-03
act_public_2006_82,act_public,2007,1,1,repealed:1,act_public_2006_82_en_2007-12-19
act_public_2006_83,act_public,2018,4,4,amended:4,act_public_2006_83_en_2018-11-13
act_public_2006_85,act_public,2025,49,49,amended:17;inserted:19;repealed:8;replaced:4;substituted:1,act_public_2006_85_en_2025-11-13
act_public_2006_87,act_public,2010,1,1,repealed:1,act_public_2006_87_en_2010-11-29
act_public_2006_9,act_public,2010,1,1,repealed:1,act_public_2006_9_en_2010-11-29
act_public_2006_90,act_public,2018,1,1,repealed:1,act_public_2006_90_en_2018-11-26
act_public_2007_1,act_public,2018,1,1,repealed:1,act_public_2007_1_en_2018-01-01
act_public_2007_10,act_public,2008,15,15,repealed:15,act_public_2007_10_en_2008-06-05
act_public_2007_100,act_public,2009,1,1,brought into force:1,act_public_2007_100_en_2009-07-01
act_public_2007_101,act_public,2025,32,32,amended:18;brought into force:1;editorial change:3;inserted:8;repealed:2,act_public_2007_101_en_2025-11-27
act_public_2007_103,act_public,2008,1,1,repealed:1,act_public_2007_103_en_2008-09-30
act_public_2007_104,act_public,2009,1,1,expired:1,act_public_2007_104_en_2009-07-02
act_public_2007_106,act_public,2020,1,1,repealed:1,act_public_2007_106_en_2020-08-01
act_public_2007_108,act_public,2008,1,1,repealed:1,act_public_2007_108_en_2008-05-29
act_public_2007_109,act_public,2009,11,11,amended:3;brought into force:1;repealed:7,act_public_2007_109_en_2009-10-06
act_public_2007_11,act_public,2008,1,1,amended:1,act_public_2007_11_en_2008-04-01
act_public_2007_110,act_public,2008,1,1,amended:1,act_public_2007_110_en_2008-05-29
act_public_2007_111,act_public,2009,1,1,repealed:1,act_public_2007_111_en_2009-03-01
act_public_2007_13,act_public,2012,1,1,repealed:1,act_public_2007_13_en_2012-04-01
act_public_2007_15,act_public,2025,115,115,added:3;amended:39;inserted:39;repealed:6;replaced:20;substituted:8,act_public_2007_15_en_2025-11-27
act_public_2007_17,act_public,2023,1,1,repealed:1,act_public_2007_17_en_2023-06-15
act_public_2007_20,act_public,2018,1,1,repealed:1,act_public_2007_20_en_2018-11-26
act_public_2007_22,act_public,2007,1,1,repealed:1,act_public_2007_22_en_2007-08-18
act_public_2007_23,act_public,2007,1,1,expired:1,act_public_2007_23_en_2007-08-18
act_public_2007_25,act_public,2017,2,2,brought into force:1;repealed:1,act_public_2007_25_en_2017-06-03
act_public_2007_26,act_public,2007,1,1,brought into force:1,act_public_2007_26_en_2007-10-01
act_public_2007_27,act_public,2017,14,14,brought into force:1;repealed:13,act_public_2007_27_en_2017-06-03
act_public_2007_28,act_public,2017,8,8,brought into force:1;repealed:7,act_public_2007_28_en_2017-06-03
act_public_2007_29,act_public,2012,2,2,repealed:2,act_public_2007_29_en_2012-06-30
act_public_2007_3,act_public,2018,1,1,repealed:1,act_public_2007_3_en_2018-01-01
act_public_2007_30,act_public,2012,1,1,expired:1,act_public_2007_30_en_2012-07-01
act_public_2007_31,act_public,2008,1,1,repealed:1,act_public_2007_31_en_2008-08-13
act_public_2007_32,act_public,2008,1,1,expired:1,act_public_2007_32_en_2008-06-30
act_public_2007_35,act_public,2026,55,55,amended:29;inserted:9;repealed:12;replaced:5,act_public_2007_35_en_2026-04-05
act_public_2007_38,act_public,2007,1,1,brought into force:1,act_public_2007_38_en_2007-11-29
act_public_2007_5,act_public,2007,5,5,repealed:5,act_public_2007_5_en_2007-07-01
act_public_2007_52,act_public,2020,1,1,repealed:1,act_public_2007_52_en_2020-08-01
act_public_2007_57,act_public,2017,1,1,repealed:1,act_public_2007_57_en_2017-01-01
act_public_2007_68,act_public,2011,1,1,repealed:1,act_public_2007_68_en_2011-07-01
act_public_2007_73,act_public,2020,1,1,repealed:1,act_public_2007_73_en_2020-12-01
act_public_2007_74,act_public,2020,1,1,repealed:1,act_public_2007_74_en_2020-08-01
act_public_2007_79,act_public,2014,1,1,repealed:1,act_public_2007_79_en_2014-12-01
act_public_2007_80,act_public,2014,1,1,repealed:1,act_public_2007_80_en_2014-12-01
act_public_2007_81,act_public,2018,1,1,repealed:1,act_public_2007_81_en_2018-11-26
act_public_2007_82,act_public,2020,1,1,repealed:1,act_public_2007_82_en_2020-08-07
act_public_2007_88,act_public,2008,1,1,brought into force:1,act_public_2007_88_en_2008-04-11
act_public_2007_89,act_public,2025,3,3,brought into force:2;repealed:1,act_public_2007_89_en_2025-04-05
act_public_2007_9,act_public,2018,1,1,repealed:1,act_public_2007_9_en_2018-10-01
act_public_2007_90,act_public,2008,3,3,amended:3,act_public_2007_90_en_2008-01-01
act_public_2007_91,act_public,2026,213,213,amended:120;editorial change:1;inserted:52;repealed:28;replaced:12,act_public_2007_91_en_2026-04-05
act_public_2007_92,act_public,2008,1,1,amended:1,act_public_2007_92_en_2008-04-01
act_public_2007_95,act_public,2018,3,3,amended:3,act_public_2007_95_en_2018-11-12
act_public_2007_97,act_public,2026,14294,14294,__missing__:4;__unclassified__:3;added:379;amended:3796;editorial change:2;inserted:5378;repealed:2708;replaced:1288;substituted:736,act_public_2007_97_en_2026-05-07
act_public_2007_98,act_public,2009,1,1,brought into force:1,act_public_2007_98_en_2009-07-01
act_public_2007_99,act_public,2009,1,1,brought into force:1,act_public_2007_99_en_2009-07-01
act_public_2008_1,act_public,2022,149,149,added:1;amended:50;brought into force:3;inserted:72;repealed:5;replaced:18,act_public_2008_1_en_2022-09-01
act_public_2008_10,act_public,2018,1,1,repealed:1,act_public_2008_10_en_2018-01-01
act_public_2008_102,act_public,2009,1,1,repealed:1,act_public_2008_102_en_2009-12-18
act_public_2008_105,act_public,2009,18,18,repealed:18,act_public_2008_105_en_2009-05-29
act_public_2008_108,act_public,2020,1,1,repealed:1,act_public_2008_108_en_2020-08-01
act_public_2008_20,act_public,2008,1,1,repealed:1,act_public_2008_20_en_2008-08-13
act_public_2008_23,act_public,2014,1,1,repealed:1,act_public_2008_23_en_2014-12-01
act_public_2008_25,act_public,2018,1,1,repealed:1,act_public_2008_25_en_2018-10-01
act_public_2008_27,act_public,2011,3,3,brought into force:1;repealed:2,act_public_2008_27_en_2011-09-16
act_public_2008_28,act_public,2023,59,59,amended:28;brought into force:1;inserted:11;repealed:14;replaced:5,act_public_2008_28_en_2023-04-05
act_public_2008_30,act_public,2025,25,25,amended:12;brought into force:2;inserted:8;replaced:3,act_public_2008_30_en_2025-11-27
act_public_2008_31,act_public,2023,5,5,amended:3;inserted:1;replaced:1,act_public_2008_31_en_2023-12-23
act_public_2008_32,act_public,2022,1,1,repealed:1,act_public_2008_32_en_2022-09-28
act_public_2008_36,act_public,2009,23,23,repealed:23,act_public_2008_36_en_2009-04-01
act_public_2008_38,act_public,2023,68,68,__unclassified__:1;amended:29;brought into force:1;editorial change:1;inserted:18;repealed:4;replaced:14,act_public_2008_38_en_2023-11-28
act_public_2008_39,act_public,2018,1,1,repealed:1,act_public_2008_39_en_2018-01-01
act_public_2008_40,act_public,2010,12,12,amended:7;brought into force:2;inserted:1;substituted:2,act_public_2008_40_en_2010-10-04
act_public_2008_41,act_public,2013,7,7,amended:4;brought into force:1;repealed:2,act_public_2008_41_en_2013-07-01
act_public_2008_44,act_public,2008,1,1,repealed:1,act_public_2008_44_en_2008-08-13
act_public_2008_45,act_public,2008,1,1,repealed:1,act_public_2008_45_en_2008-08-13
act_public_2008_46,act_public,2019,1,1,brought into force:1,act_public_2008_46_en_2019-10-01
act_public_2008_5,act_public,2008,2,2,expired:1;repealed:1,act_public_2008_5_en_2008-10-01
act_public_2008_50,act_public,2018,1,1,repealed:1,act_public_2008_50_en_2018-10-01
act_public_2008_55,act_public,2009,1,1,repealed:1,act_public_2008_55_en_2009-09-02
act_public_2008_56,act_public,2009,1,1,repealed:1,act_public_2008_56_en_2009-07-01
act_public_2008_57,act_public,2025,1,1,repealed:1,act_public_2008_57_en_2025-11-13
act_public_2008_59,act_public,2010,1,1,brought into force:1,act_public_2008_59_en_2010-12-01
act_public_2008_61,act_public,2018,1,1,repealed:1,act_public_2008_61_en_2018-10-01
act_public_2008_64,act_public,2017,1,1,amended:1,act_public_2008_64_en_2017-03-01
act_public_2008_66,act_public,2026,111,111,amended:51;inserted:39;repealed:6;replaced:15,act_public_2008_66_en_2026-01-01
act_public_2008_67,act_public,2010,1,1,repealed:1,act_public_2008_67_en_2010-08-06
act_public_2008_68,act_public,2018,2,2,__missing__:1;repealed:1,act_public_2008_68_en_2018-10-01
act_public_2008_72,act_public,2026,92,92,amended:46;editorial change:1;inserted:26;repealed:13;replaced:5;substituted:1,act_public_2008_72_en_2026-05-01
act_public_2008_73,act_public,2009,1,1,brought into force:1,act_public_2008_73_en_2009-05-18
act_public_2008_74,act_public,2014,3,3,amended:1;brought into force:1;repealed:1,act_public_2008_74_en_2014-03-31
act_public_2008_75,act_public,2009,1,1,brought into force:1,act_public_2008_75_en_2009-05-18
act_public_2008_76,act_public,2009,1,1,brought into force:1,act_public_2008_76_en_2009-05-18
act_public_2008_78,act_public,2014,3,3,brought into force:1;repealed:2,act_public_2008_78_en_2014-03-31
act_public_2008_79,act_public,2014,2,2,brought into force:1;repealed:1,act_public_2008_79_en_2014-03-31
act_public_2008_80,act_public,2009,1,1,brought into force:1,act_public_2008_80_en_2009-05-18
act_public_2008_81,act_public,2009,1,1,brought into force:1,act_public_2008_81_en_2009-05-18
act_public_2008_82,act_public,2009,1,1,brought into force:1,act_public_2008_82_en_2009-05-18
act_public_2008_83,act_public,2009,1,1,brought into force:1,act_public_2008_83_en_2009-05-18
act_public_2008_84,act_public,2009,1,1,brought into force:1,act_public_2008_84_en_2009-05-18
act_public_2008_85,act_public,2020,4,4,amended:1;repealed:3,act_public_2008_85_en_2020-06-23
act_public_2008_87,act_public,2013,40,40,amended:29;inserted:3;repealed:5;substituted:3,act_public_2008_87_en_2013-06-13
act_public_2008_88,act_public,2011,1,1,__missing__:1,act_public_2008_88_en_2011-09-19
act_public_2008_89,act_public,2025,71,71,amended:22;editorial change:1;inserted:30;repealed:9;replaced:9,act_public_2008_89_en_2025-09-24B
act_public_2008_90,act_public,2018,1,1,repealed:1,act_public_2008_90_en_2018-01-01
act_public_2008_91,act_public,2021,746,746,added:6;amended:363;brought into force:4;inserted:192;repealed:62;replaced:38;substituted:81,act_public_2008_91_en_2021-03-15
act_public_2008_97,act_public,2025,351,351,__unclassified__:1;amended:79;brought into force:9;inserted:166;repealed:36;replaced:60,act_public_2008_97_en_2025-03-31
act_public_2009_1,act_public,2011,1,1,repealed:1,act_public_2009_1_en_2011-03-02
act_public_2009_12,act_public,2009,1,1,amended:1,act_public_2009_12_en_2009-12-08
act_public_2009_13,act_public,2010,115,115,added:43;amended:26;inserted:31;repealed:8;substituted:7,act_public_2009_13_en_2010-11-02
act_public_2009_15,act_public,2009,1,1,repealed:1,act_public_2009_15_en_2009-09-02
act_public_2009_16,act_public,2010,4,4,repealed:4,act_public_2009_16_en_2010-07-01
act_public_2009_17,act_public,2011,6,6,__missing__:2;amended:4,act_public_2009_17_en_2011-05-10
act_public_2009_18,act_public,2011,1,1,expired:1,act_public_2009_18_en_2011-01-01
act_public_2009_20,act_public,2010,1,1,brought into force:1,act_public_2009_20_en_2010-01-01
act_public_2009_21,act_public,2018,2,2,brought into force:1;repealed:1,act_public_2009_21_en_2018-10-01
act_public_2009_23,act_public,2014,1,1,repealed:1,act_public_2009_23_en_2014-12-01
act_public_2009_24,act_public,2021,1,1,repealed:1,act_public_2009_24_en_2021-03-15
act_public_2009_25,act_public,2010,1,1,brought into force:1,act_public_2009_25_en_2010-02-01
act_public_2009_26,act_public,2022,17,17,amended:7;inserted:2;repealed:1;replaced:7,act_public_2009_26_en_2022-11-30
act_public_2009_27,act_public,2012,1,1,repealed:1,act_public_2009_27_en_2012-08-01
act_public_2009_28,act_public,2010,1,1,repealed:1,act_public_2009_28_en_2010-08-06
act_public_2009_29,act_public,2010,1,1,repealed:1,act_public_2009_29_en_2010-07-01
act_public_2009_3,act_public,2009,1,1,brought into force:1,act_public_2009_3_en_2009-04-03
act_public_2009_30,act_public,2014,1,1,replaced:1,act_public_2009_30_en_2014-12-01
act_public_2009_31,act_public,2013,6,6,amended:5;repealed:1,act_public_2009_31_en_2013-09-04
act_public_2009_32,act_public,2026,405,405,added:57;amended:62;inserted:166;repealed:90;replaced:21;substituted:9,act_public_2009_32_en_2026-05-07
act_public_2009_33,act_public,2012,1,1,repealed:1,act_public_2009_33_en_2012-04-01
act_public_2009_34,act_public,2009,2,2,amended:1;repealed:1,act_public_2009_34_en_2009-12-08
act_public_2009_35,act_public,2026,392,392,amended:193;brought into force:3;inserted:105;repealed:31;replaced:57;substituted:3,act_public_2009_35_en_2026-05-01
act_public_2009_36,act_public,2011,9,9,amended:3;repealed:6,act_public_2009_36_en_2011-05-10
act_public_2009_38,act_public,2012,1,1,repealed:1,act_public_2009_38_en_2012-02-13
act_public_2009_39,act_public,2020,1,1,repealed:1,act_public_2009_39_en_2020-12-01
act_public_2009_4,act_public,2012,1,1,repealed:1,act_public_2009_4_en_2012-07-01
act_public_2009_40,act_public,2010,1,1,brought into force:1,act_public_2009_40_en_2010-01-05
act_public_2009_41,act_public,2014,2,2,brought into force:1;repealed:1,act_public_2009_41_en_2014-12-07
act_public_2009_42,act_public,2010,1,1,brought into force:1,act_public_2009_42_en_2010-07-01
act_public_2009_43,act_public,2019,1,1,repealed:1,act_public_2009_43_en_2019-07-01
act_public_2009_46,act_public,2012,3,3,amended:1;brought into force:2,act_public_2009_46_en_2012-12-05
act_public_2009_5,act_public,2009,3,3,repealed:3,act_public_2009_5_en_2009-05-29
act_public_2009_50,act_public,2023,13,13,amended:4;brought into force:1;inserted:2;repealed:1;replaced:5,act_public_2009_50_en_2023-12-23
act_public_2009_51,act_public,2026,614,614,__missing__:2;added:1;amended:202;brought into force:5;editorial change:2;inserted:219;repealed:70;replaced:113,act_public_2009_51_en_2026-02-27
act_public_2009_54,act_public,2014,1,1,repealed:1,act_public_2009_54_en_2014-12-01
act_public_2009_56,act_public,2014,1,1,repealed:1,act_public_2009_56_en_2014-12-01
act_public_2009_61,act_public,2018,1,1,repealed:1,act_public_2009_61_en_2018-10-01
act_public_2009_66,act_public,2010,1,1,brought into force:1,act_public_2009_66_en_2010-04-22
act_public_2009_67,act_public,2010,1,1,repealed:1,act_public_2009_67_en_2010-11-27
act_public_2009_69,act_public,2011,1,1,repealed:1,act_public_2009_69_en_2011-07-01
act_public_2009_7,act_public,2009,1,1,repealed:1,act_public_2009_7_en_2009-09-02
act_public_2009_70,act_public,2020,3,3,repealed:3,act_public_2009_70_en_2020-04-01
act_public_2009_8,act_public,2026,222,222,__unclassified__:1;amended:70;inserted:53;repealed:76;replaced:21;substituted:1,act_public_2009_8_en_2026-04-01
act_public_2010_103,act_public,2020,1,1,repealed:1,act_public_2010_103_en_2020-08-01
act_public_2010_105,act_public,2018,1,1,repealed:1,act_public_2010_105_en_2018-11-26
act_public_2010_106,act_public,2014,1,1,repealed:1,act_public_2010_106_en_2014-12-07
act_public_2010_107,act_public,2011,1,1,__unclassified__:1,act_public_2010_107_en_2011-01-01
act_public_2010_109,act_public,2011,9,9,amended:9,act_public_2010_109_en_2011-05-01
act_public_2010_111,act_public,2025,185,185,amended:107;brought into force:2;editorial change:2;inserted:31;repealed:17;replaced:26,act_public_2010_111_en_2025-07-01
act_public_2010_114,act_public,2011,1,1,repealed:1,act_public_2010_114_en_2011-04-19
act_public_2010_115,act_public,2025,282,282,amended:215;inserted:48;repealed:2;replaced:17,act_public_2010_115_en_2025-11-13
act_public_2010_116,act_public,2025,255,255,amended:109;inserted:72;repealed:38;replaced:36,act_public_2010_116_en_2025-03-30
act_public_2010_119,act_public,2025,33,33,amended:4;brought into force:1;editorial change:1;inserted:17;repealed:1;replaced:9,act_public_2010_119_en_2025-08-27
act_public_2010_12,act_public,2016,41,41,amended:11;inserted:5;repealed:23;replaced:2,act_public_2010_12_en_2016-10-14
act_public_2010_122,act_public,2021,7,7,__unclassified__:1;amended:2;replaced:4,act_public_2010_122_en_2021-10-28B
act_public_2010_123,act_public,2017,79,79,amended:1;expired:76;repealed:2,act_public_2010_123_en_2017-06-03
act_public_2010_127,act_public,2011,1,1,repealed:1,act_public_2010_127_en_2011-10-18
act_public_2010_131,act_public,2020,3,3,amended:3,act_public_2010_131_en_2020-08-07
act_public_2010_134,act_public,2020,1,1,repealed:1,act_public_2010_134_en_2020-08-01
act_public_2010_136,act_public,2024,2,2,repealed:2,act_public_2010_136_en_2024-02-29
act_public_2010_138,act_public,2025,1,1,repealed:1,act_public_2010_138_en_2025-11-13
act_public_2010_139,act_public,2012,1,1,repealed:1,act_public_2010_139_en_2012-06-11
act_public_2010_18,act_public,2013,6,6,amended:6,act_public_2010_18_en_2013-07-01
act_public_2010_22,act_public,2024,342,342,amended:170;brought into force:1;inserted:107;repealed:9;replaced:55,act_public_2010_22_en_2024-05-09
act_public_2010_23,act_public,2018,1,1,repealed:1,act_public_2010_23_en_2018-10-01
act_public_2010_24,act_public,2025,32,32,amended:6;brought into force:2;inserted:16;repealed:1;replaced:7,act_public_2010_24_en_2025-08-27
act_public_2010_25,act_public,2020,2,2,repealed:2,act_public_2010_25_en_2020-08-01
act_public_2010_27,act_public,2011,5,5,amended:2;repealed:3,act_public_2010_27_en_2011-05-24
act_public_2010_3,act_public,2012,1,1,repealed:1,act_public_2010_3_en_2012-04-01
act_public_2010_30,act_public,2018,1,1,repealed:1,act_public_2010_30_en_2018-11-26
act_public_2010_31,act_public,2014,1,1,repealed:1,act_public_2010_31_en_2014-12-07
act_public_2010_35,act_public,2010,1,1,repealed:1,act_public_2010_35_en_2010-11-02
act_public_2010_37,act_public,2023,141,141,__unclassified__:1;added:2;amended:48;expired:3;inserted:81;repealed:2;replaced:4,act_public_2010_37_en_2023-12-23
act_public_2010_38,act_public,2010,1,1,repealed:1,act_public_2010_38_en_2010-08-06
act_public_2010_39,act_public,2011,4,4,repealed:4,act_public_2010_39_en_2011-07-01
act_public_2010_4,act_public,2010,1,1,repealed:1,act_public_2010_4_en_2010-08-06
act_public_2010_40,act_public,2021,1,1,repealed:1,act_public_2010_40_en_2021-03-15
act_public_2010_42,act_public,2025,2,2,brought into force:1;repealed:1,act_public_2010_42_en_2025-04-05
act_public_2010_44,act_public,2012,10,10,repealed:10,act_public_2010_44_en_2012-06-30
act_public_2010_45,act_public,2010,1,1,brought into force:1,act_public_2010_45_en_2010-08-01
act_public_2010_49,act_public,2023,1,1,repealed:1,act_public_2010_49_en_2023-06-15
act_public_2010_6,act_public,2018,1,1,repealed:1,act_public_2010_6_en_2018-01-01
act_public_2010_68,act_public,2026,1,1,repealed:1,act_public_2010_68_en_2026-04-05
act_public_2010_7,act_public,2018,1,1,repealed:1,act_public_2010_7_en_2018-01-01
act_public_2010_83,act_public,2014,1,1,repealed:1,act_public_2010_83_en_2014-12-01
act_public_2010_85,act_public,2018,1,1,repealed:1,act_public_2010_85_en_2018-11-26
act_public_2010_86,act_public,2022,1,1,repealed:1,act_public_2010_86_en_2022-09-01
act_public_2010_94,act_public,2025,45,45,amended:30;inserted:8;repealed:2;replaced:5,act_public_2010_94_en_2025-03-02
act_public_2010_95,act_public,2010,1,1,brought into force:1,act_public_2010_95_en_2010-10-01
act_public_2010_96,act_public,2011,1,1,repealed:1,act_public_2010_96_en_2011-08-13
act_public_2010_97,act_public,2011,1,1,repealed:1,act_public_2010_97_en_2011-07-01
act_public_2010_98,act_public,2025,22,22,amended:7;inserted:5;repealed:5;replaced:5,act_public_2010_98_en_2025-08-27
act_public_2011_1,act_public,2011,1,1,expired:1,act_public_2011_1_en_2011-03-19
act_public_2011_12,act_public,2016,12,12,amended:6;repealed:1;replaced:5,act_public_2011_12_en_2016-04-19
act_public_2011_13,act_public,2017,3,3,amended:1;brought into force:1;repealed:1,act_public_2011_13_en_2017-08-11
act_public_2011_14,act_public,2024,20,20,amended:10;brought into force:3;inserted:4;repealed:1;replaced:2,act_public_2011_14_en_2024-12-24
act_public_2011_15,act_public,2011,1,1,brought into force:1,act_public_2011_15_en_2011-12-05
act_public_2011_16,act_public,2011,1,1,brought into force:1,act_public_2011_16_en_2011-07-01
act_public_2011_17,act_public,2011,1,1,brought into force:1,act_public_2011_17_en_2011-07-01
act_public_2011_18,act_public,2011,1,1,brought into force:1,act_public_2011_18_en_2011-07-01
act_public_2011_19,act_public,2011,1,1,brought into force:1,act_public_2011_19_en_2011-07-01
act_public_2011_2,act_public,2011,1,1,repealed:1,act_public_2011_2_en_2011-08-13
act_public_2011_21,act_public,2025,186,186,amended:112;brought into force:3;inserted:39;repealed:9;replaced:23,act_public_2011_21_en_2025-03-30
act_public_2011_23,act_public,2018,8,8,amended:1;repealed:7,act_public_2011_23_en_2018-04-01
act_public_2011_25,act_public,2011,1,1,repealed:1,act_public_2011_25_en_2011-08-13
act_public_2011_26,act_public,2012,4,4,repealed:4,act_public_2011_26_en_2012-07-01
act_public_2011_27,act_public,2011,1,1,brought into force:1,act_public_2011_27_en_2011-11-30
act_public_2011_28,act_public,2017,1,1,repealed:1,act_public_2011_28_en_2017-09-28
act_public_2011_3,act_public,2025,205,205,amended:104;inserted:46;repealed:26;replaced:29,act_public_2011_3_en_2025-10-25
act_public_2011_30,act_public,2018,8,8,amended:5;brought into force:2;repealed:1,act_public_2011_30_en_2018-01-01
act_public_2011_31,act_public,2013,3,3,amended:1;brought into force:2,act_public_2011_31_en_2013-11-01
act_public_2011_32,act_public,2012,4,4,amended:2;brought into force:2,act_public_2011_32_en_2012-08-01
act_public_2011_33,act_public,2012,1,1,brought into force:1,act_public_2011_33_en_2012-08-01
act_public_2011_34,act_public,2012,1,1,brought into force:1,act_public_2011_34_en_2012-02-13
act_public_2011_35,act_public,2012,1,1,brought into force:1,act_public_2011_35_en_2012-08-01
act_public_2011_36,act_public,2018,2,2,brought into force:1;repealed:1,act_public_2011_36_en_2018-10-01
act_public_2011_37,act_public,2014,1,1,brought into force:1,act_public_2011_37_en_2014-04-14
act_public_2011_39,act_public,2012,1,1,brought into force:1,act_public_2011_39_en_2012-02-13
act_public_2011_4,act_public,2025,177,177,amended:53;brought into force:2;inserted:75;repealed:26;replaced:21,act_public_2011_4_en_2025-11-28
act_public_2011_40,act_public,2012,1,1,brought into force:1,act_public_2011_40_en_2012-08-01
act_public_2011_41,act_public,2012,1,1,brought into force:1,act_public_2011_41_en_2012-02-13
act_public_2011_42,act_public,2021,4,4,brought into force:4,act_public_2011_42_en_2021-05-20
act_public_2011_43,act_public,2012,1,1,brought into force:1,act_public_2011_43_en_2012-02-13
act_public_2011_44,act_public,2020,3,3,brought into force:2;repealed:1,act_public_2011_44_en_2020-12-01
act_public_2011_46,act_public,2014,1,1,brought into force:1,act_public_2011_46_en_2014-04-14
act_public_2011_47,act_public,2012,3,3,amended:1;brought into force:2,act_public_2011_47_en_2012-08-01
act_public_2011_48,act_public,2018,2,2,brought into force:1;repealed:1,act_public_2011_48_en_2018-11-26
act_public_2011_49,act_public,2012,1,1,brought into force:1,act_public_2011_49_en_2012-02-13
act_public_2011_5,act_public,2025,86,86,amended:42;inserted:24;repealed:7;replaced:13,act_public_2011_5_en_2025-11-27
act_public_2011_55,act_public,2012,1,1,repealed:1,act_public_2011_55_en_2012-08-28
act_public_2011_56,act_public,2012,1,1,repealed:1,act_public_2011_56_en_2012-07-01
act_public_2011_58,act_public,2019,1,1,repealed:1,act_public_2011_58_en_2019-07-01
act_public_2011_6,act_public,2014,10,10,repealed:10,act_public_2011_6_en_2014-12-01
act_public_2011_61,act_public,2026,178,178,amended:51;inserted:83;repealed:25;replaced:19,act_public_2011_61_en_2026-05-07
act_public_2011_62,act_public,2026,489,489,__unclassified__:2;amended:179;inserted:107;repealed:93;replaced:108,act_public_2011_62_en_2026-04-01
act_public_2011_63,act_public,2012,4,4,repealed:4,act_public_2011_63_en_2012-11-02
act_public_2011_64,act_public,2022,1,1,repealed:1,act_public_2011_64_en_2022-09-01
act_public_2011_66,act_public,2020,1,1,repealed:1,act_public_2011_66_en_2020-08-01
act_public_2011_7,act_public,2014,1,1,repealed:1,act_public_2011_7_en_2014-12-01
act_public_2011_71,act_public,2013,2,2,__missing__:2,act_public_2011_71_en_2013-04-29
act_public_2011_72,act_public,2011,1,1,brought into force:1,act_public_2011_72_en_2011-10-07
act_public_2011_77,act_public,2025,6,6,amended:1;brought into force:1;replaced:4,act_public_2011_77_en_2025-08-27
act_public_2011_8,act_public,2014,3,3,repealed:3,act_public_2011_8_en_2014-01-01
act_public_2011_80,act_public,2020,1,1,repealed:1,act_public_2011_80_en_2020-08-01
act_public_2011_81,act_public,2026,376,376,__missing__:1;amended:205;brought into force:2;expired:2;inserted:109;repealed:13;replaced:44,act_public_2011_81_en_2026-02-01
act_public_2011_82,act_public,2013,5,5,brought into force:2;expired:3,act_public_2011_82_en_2013-07-01
act_public_2011_83,act_public,2013,1,1,brought into force:1,act_public_2011_83_en_2013-07-01
act_public_2011_84,act_public,2013,1,1,brought into force:1,act_public_2011_84_en_2013-07-01
act_public_2011_85,act_public,2013,4,4,amended:2;brought into force:2,act_public_2011_85_en_2013-07-01
act_public_2011_86,act_public,2013,1,1,brought into force:1,act_public_2011_86_en_2013-07-01
act_public_2011_87,act_public,2013,1,1,brought into force:1,act_public_2011_87_en_2013-07-01
act_public_2011_88,act_public,2018,8,8,brought into force:1;repealed:7,act_public_2011_88_en_2018-01-01
act_public_2011_89,act_public,2013,1,1,brought into force:1,act_public_2011_89_en_2013-07-01
act_public_2011_9,act_public,2021,1,1,repealed:1,act_public_2011_9_en_2021-03-15
act_public_2011_90,act_public,2013,3,3,amended:1;brought into force:2,act_public_2011_90_en_2013-07-01
act_public_2011_91,act_public,2013,1,1,brought into force:1,act_public_2011_91_en_2013-07-01
act_public_2011_92,act_public,2013,1,1,brought into force:1,act_public_2011_92_en_2013-07-01
act_public_2011_93,act_public,2013,1,1,brought into force:1,act_public_2011_93_en_2013-07-01
act_public_2011_94,act_public,2013,4,4,amended:1;brought into force:2;expired:1,act_public_2011_94_en_2013-07-01
act_public_2011_95,act_public,2014,6,6,brought into force:2;repealed:4,act_public_2011_95_en_2014-12-06
act_public_2011_96,act_public,2012,1,1,repealed:1,act_public_2011_96_en_2012-12-12
act_public_2011_98,act_public,2016,6,6,amended:2;expired:1;inserted:2;replaced:1,act_public_2011_98_en_2016-10-19
act_public_2012_1,act_public,2024,107,107,__missing__:1;amended:40;brought into force:2;inserted:47;repealed:5;replaced:12,act_public_2012_1_en_2024-04-01
act_public_2012_10,act_public,2019,1,1,repealed:1,act_public_2012_10_en_2019-07-01
act_public_2012_11,act_public,2018,1,1,repealed:1,act_public_2012_11_en_2018-01-01
act_public_2012_114,act_public,2018,1,1,repealed:1,act_public_2012_114_en_2018-11-26
act_public_2012_120,act_public,2026,206,206,amended:65;inserted:65;repealed:47;replaced:29,act_public_2012_120_en_2026-04-05
act_public_2012_121,act_public,2013,2,2,amended:2,act_public_2012_121_en_2013-07-01
act_public_2012_123,act_public,2023,74,74,amended:46;brought into force:2;inserted:17;repealed:3;replaced:6,act_public_2012_123_en_2023-06-15
act_public_2012_124,act_public,2023,10,10,amended:8;replaced:2,act_public_2012_124_en_2023-06-15
act_public_2012_18,act_public,2018,1,1,repealed:1,act_public_2012_18_en_2018-11-26
act_public_2012_2,act_public,2022,124,124,__unclassified__:1;amended:15;brought into force:2;inserted:50;repealed:5;replaced:51,act_public_2012_2_en_2022-11-30
act_public_2012_24,act_public,2025,282,282,amended:116;brought into force:3;expired:1;inserted:145;repealed:1;replaced:16,act_public_2012_24_en_2025-11-28
act_public_2012_25,act_public,2018,1,1,repealed:1,act_public_2012_25_en_2018-10-01
act_public_2012_29,act_public,2022,7,7,amended:2;inserted:2;replaced:3,act_public_2012_29_en_2022-09-28
act_public_2012_32,act_public,2014,9,9,repealed:9,act_public_2012_32_en_2014-04-01
act_public_2012_35,act_public,2012,1,1,repealed:1,act_public_2012_35_en_2012-08-28
act_public_2012_36,act_public,2012,1,1,brought into force:1,act_public_2012_36_en_2012-07-06
act_public_2012_39,act_public,2014,2,2,amended:1;repealed:1,act_public_2012_39_en_2014-04-01
act_public_2012_4,act_public,2012,7,7,amended:7,act_public_2012_4_en_2012-07-01
act_public_2012_40,act_public,2018,1,1,repealed:1,act_public_2012_40_en_2018-11-26
act_public_2012_42,act_public,2012,1,1,expired:1,act_public_2012_42_en_2012-07-01
act_public_2012_44,act_public,2019,10,10,amended:6;brought into force:4,act_public_2012_44_en_2019-12-20
act_public_2012_46,act_public,2012,1,1,repealed:1,act_public_2012_46_en_2012-08-28
act_public_2012_47,act_public,2013,4,4,repealed:4,act_public_2012_47_en_2013-07-01
act_public_2012_50,act_public,2018,1,1,repealed:1,act_public_2012_50_en_2018-11-26
act_public_2012_51,act_public,2012,1,1,__unclassified__:1,act_public_2012_51_en_2012-11-30
act_public_2012_56,act_public,2013,1,1,repealed:1,act_public_2012_56_en_2013-08-13
act_public_2012_57,act_public,2013,1,1,repealed:1,act_public_2012_57_en_2013-07-01
act_public_2012_67,act_public,2022,1,1,repealed:1,act_public_2012_67_en_2022-09-01
act_public_2012_69,act_public,2014,1,1,repealed:1,act_public_2012_69_en_2014-12-01
act_public_2012_71,act_public,2012,1,1,repealed:1,act_public_2012_71_en_2012-09-28
act_public_2012_72,act_public,2025,475,475,amended:172;brought into force:1;inserted:176;repealed:42;replaced:84,act_public_2012_72_en_2025-10-25
act_public_2012_75,act_public,2013,1,1,brought into force:1,act_public_2012_75_en_2013-04-29
act_public_2012_76,act_public,2023,12,12,amended:7;editorial change:1;repealed:2;replaced:2,act_public_2012_76_en_2023-12-23
act_public_2012_77,act_public,2018,1,1,repealed:1,act_public_2012_77_en_2018-10-01
act_public_2012_79,act_public,2020,1,1,repealed:1,act_public_2012_79_en_2020-08-01
act_public_2012_82,act_public,2018,1,1,repealed:1,act_public_2012_82_en_2018-11-26
act_public_2012_83,act_public,2014,1,1,repealed:1,act_public_2012_83_en_2014-12-07
act_public_2012_90,act_public,2022,32,32,amended:11;inserted:12;repealed:1;replaced:8,act_public_2012_90_en_2022-11-30
act_public_2012_95,act_public,2013,1,1,amended:1,act_public_2012_95_en_2013-10-04
act_public_2012_96,act_public,2014,1,1,brought into force:1,act_public_2012_96_en_2014-04-23
act_public_2012_97,act_public,2013,1,1,repealed:1,act_public_2012_97_en_2013-12-18
act_public_2013_1,act_public,2020,2,2,brought into force:1;repealed:1,act_public_2013_1_en_2020-12-01
act_public_2013_10,act_public,2014,1,1,amended:1,act_public_2013_10_en_2014-03-08
act_public_2013_100,act_public,2015,1,1,brought into force:1,act_public_2013_100_en_2015-01-01
act_public_2013_101,act_public,2026,139,139,amended:33;brought into force:1;inserted:87;repealed:5;replaced:13,act_public_2013_101_en_2026-04-05
act_public_2013_102,act_public,2015,2,2,brought into force:2,act_public_2013_102_en_2015-04-01
act_public_2013_104,act_public,2022,52,52,amended:17;brought into force:2;inserted:11;repealed:12;replaced:10,act_public_2013_104_en_2022-07-01
act_public_2013_109,act_public,2023,1,1,repealed:1,act_public_2013_109_en_2023-06-15
act_public_2013_114,act_public,2018,2,2,brought into force:1;repealed:1,act_public_2013_114_en_2018-01-01
act_public_2013_12,act_public,2016,64,64,amended:45;inserted:6;repealed:9;replaced:4,act_public_2013_12_en_2016-02-25
act_public_2013_13,act_public,2018,1,1,repealed:1,act_public_2013_13_en_2018-11-26
act_public_2013_132,act_public,2018,1,1,repealed:1,act_public_2013_132_en_2018-11-26
act_public_2013_133,act_public,2020,1,1,repealed:1,act_public_2013_133_en_2020-08-07
act_public_2013_134,act_public,2022,1,1,repealed:1,act_public_2013_134_en_2022-09-01
act_public_2013_14,act_public,2013,30,30,amended:27;brought into force:1;inserted:1;replaced:1,act_public_2013_14_en_2013-05-24
act_public_2013_141,act_public,2017,17,17,repealed:17,act_public_2013_141_en_2017-06-03
act_public_2013_142,act_public,2014,1,1,repealed:1,act_public_2013_142_en_2014-12-12
act_public_2013_147,act_public,2017,1,1,repealed:1,act_public_2013_147_en_2017-09-01
act_public_2013_148,act_public,2025,13,13,amended:10;inserted:3,act_public_2013_148_en_2025-03-30
act_public_2013_15,act_public,2013,1,1,brought into force:1,act_public_2013_15_en_2013-05-24
act_public_2013_16,act_public,2013,1,1,brought into force:1,act_public_2013_16_en_2013-05-24
act_public_2013_17,act_public,2013,1,1,brought into force:1,act_public_2013_17_en_2013-05-24
act_public_2013_18,act_public,2013,1,1,brought into force:1,act_public_2013_18_en_2013-05-24
act_public_2013_21,act_public,2021,1,1,repealed:1,act_public_2013_21_en_2021-01-30
act_public_2013_22,act_public,2022,1,1,repealed:1,act_public_2013_22_en_2022-07-01
act_public_2013_24,act_public,2018,1,1,repealed:1,act_public_2013_24_en_2018-10-01
act_public_2013_26,act_public,2013,1,1,repealed:1,act_public_2013_26_en_2013-12-18
act_public_2013_3,act_public,2023,1,1,repealed:1,act_public_2013_3_en_2023-06-15
act_public_2013_34,act_public,2020,1,1,repealed:1,act_public_2013_34_en_2020-08-01
act_public_2013_35,act_public,2015,1,1,brought into force:1,act_public_2013_35_en_2015-08-01
act_public_2013_4,act_public,2016,1,1,brought into force:1,act_public_2013_4_en_2016-03-11
act_public_2013_41,act_public,2013,1,1,repealed:1,act_public_2013_41_en_2013-08-13
act_public_2013_42,act_public,2014,4,4,repealed:4,act_public_2013_42_en_2014-07-01
act_public_2013_43,act_public,2013,1,1,brought into force:1,act_public_2013_43_en_2013-09-02
act_public_2013_44,act_public,2013,1,1,brought into force:1,act_public_2013_44_en_2013-09-02
act_public_2013_45,act_public,2014,1,1,repealed:1,act_public_2013_45_en_2014-03-31
act_public_2013_46,act_public,2014,1,1,repealed:1,act_public_2013_46_en_2014-03-31
act_public_2013_47,act_public,2014,1,1,repealed:1,act_public_2013_47_en_2014-03-31
act_public_2013_49,act_public,2020,2,2,brought into force:1;repealed:1,act_public_2013_49_en_2020-08-07
act_public_2013_52,act_public,2016,1,1,replaced:1,act_public_2013_52_en_2016-02-24
act_public_2013_53,act_public,2022,56,56,amended:13;inserted:28;repealed:8;replaced:7,act_public_2013_53_en_2022-07-01
act_public_2013_54,act_public,2014,1,1,repealed:1,act_public_2013_54_en_2014-08-01
act_public_2013_55,act_public,2014,1,1,repealed:1,act_public_2013_55_en_2014-07-01
act_public_2013_56,act_public,2024,12,12,amended:6;inserted:2;repealed:2;replaced:2,act_public_2013_56_en_2024-11-21
act_public_2013_57,act_public,2017,1,1,repealed:1,act_public_2013_57_en_2017-09-28
act_public_2013_58,act_public,2017,1,1,repealed:1,act_public_2013_58_en_2017-09-28
act_public_2013_59,act_public,2017,1,1,repealed:1,act_public_2013_59_en_2017-09-28
act_public_2013_6,act_public,2016,1,1,repealed:1,act_public_2013_6_en_2016-10-14
act_public_2013_60,act_public,2025,14,14,amended:8;editorial change:1;inserted:3;replaced:2,act_public_2013_60_en_2025-11-27
act_public_2013_68,act_public,2023,65,65,amended:9;expired:1;inserted:47;repealed:7;replaced:1,act_public_2013_68_en_2023-01-24
act_public_2013_69,act_public,2025,865,865,amended:182;brought into force:4;inserted:558;repealed:27;replaced:94,act_public_2013_69_en_2025-07-01
act_public_2013_7,act_public,2013,1,1,repealed:1,act_public_2013_7_en_2013-08-13
act_public_2013_70,act_public,2017,5,5,amended:3;brought into force:2,act_public_2013_70_en_2017-08-09
act_public_2013_72,act_public,2021,19,19,amended:9;inserted:6;repealed:3;replaced:1,act_public_2013_72_en_2021-09-17
act_public_2013_74,act_public,2014,1,1,brought into force:1,act_public_2013_74_en_2014-03-31
act_public_2013_75,act_public,2014,1,1,brought into force:1,act_public_2013_75_en_2014-03-31
act_public_2013_76,act_public,2014,1,1,brought into force:1,act_public_2013_76_en_2014-03-31
act_public_2013_77,act_public,2019,2,2,brought into force:1;repealed:1,act_public_2013_77_en_2019-07-01
act_public_2013_78,act_public,2014,1,1,brought into force:1,act_public_2013_78_en_2014-03-31
act_public_2013_79,act_public,2023,7,7,amended:1;brought into force:1;inserted:4;repealed:1,act_public_2013_79_en_2023-08-16
act_public_2013_80,act_public,2014,1,1,brought into force:1,act_public_2013_80_en_2014-03-31
act_public_2013_81,act_public,2014,1,1,brought into force:1,act_public_2013_81_en_2014-03-31
act_public_2013_82,act_public,2014,1,1,brought into force:1,act_public_2013_82_en_2014-03-31
act_public_2013_83,act_public,2014,1,1,brought into force:1,act_public_2013_83_en_2014-03-31
act_public_2013_84,act_public,2014,1,1,brought into force:1,act_public_2013_84_en_2014-10-01
act_public_2013_85,act_public,2015,2,2,brought into force:2,act_public_2013_85_en_2015-10-31
act_public_2013_88,act_public,2017,1,1,repealed:1,act_public_2013_88_en_2017-06-03
act_public_2013_91,act_public,2025,90,90,amended:19;inserted:39;repealed:20;replaced:12,act_public_2013_91_en_2025-10-01
act_public_2013_93,act_public,2025,38,38,amended:16;inserted:7;repealed:7;replaced:8,act_public_2013_93_en_2025-11-13
act_public_2013_94,act_public,2020,30,30,amended:18;inserted:10;replaced:2,act_public_2013_94_en_2020-12-01
act_public_2013_96,act_public,2025,11,11,amended:7;inserted:2;repealed:1;replaced:1,act_public_2013_96_en_2025-03-30
act_public_2013_97,act_public,2014,3,3,__missing__:1;brought into force:1;repealed:1,act_public_2013_97_en_2014-04-14
act_public_2014_10,act_public,2018,1,1,repealed:1,act_public_2014_10_en_2018-10-01
act_public_2014_11,act_public,2016,3,3,replaced:3,act_public_2014_11_en_2016-03-01
act_public_2014_16,act_public,2020,1,1,repealed:1,act_public_2014_16_en_2020-04-01
act_public_2014_17,act_public,2022,22,22,amended:9;inserted:4;repealed:2;replaced:7,act_public_2014_17_en_2022-07-01
act_public_2014_21,act_public,2018,2,2,brought into force:1;repealed:1,act_public_2014_21_en_2018-11-26
act_public_2014_25,act_public,2017,1,1,repealed:1,act_public_2014_25_en_2017-09-01
act_public_2014_26,act_public,2024,38,38,amended:28;inserted:3;repealed:2;replaced:5,act_public_2014_26_en_2024-12-24
act_public_2014_27,act_public,2016,9,9,amended:1;repealed:8,act_public_2014_27_en_2016-03-18
act_public_2014_29,act_public,2014,3,3,repealed:3,act_public_2014_29_en_2014-07-22
act_public_2014_3,act_public,2025,12,12,amended:10;inserted:1;repealed:1,act_public_2014_3_en_2025-04-05
act_public_2014_32,act_public,2024,239,239,__missing__:1;amended:90;editorial change:1;inserted:103;repealed:15;replaced:29,act_public_2014_32_en_2024-12-18
act_public_2014_33,act_public,2015,1,1,brought into force:1,act_public_2014_33_en_2015-03-06
act_public_2014_34,act_public,2014,1,1,brought into force:1,act_public_2014_34_en_2014-07-01
act_public_2014_39,act_public,2016,2,2,amended:1;replaced:1,act_public_2014_39_en_2016-02-24
act_public_2014_40,act_public,2025,99,99,amended:37;brought into force:1;inserted:37;repealed:6;replaced:18,act_public_2014_40_en_2025-08-01
act_public_2014_43,act_public,2014,1,1,repealed:1,act_public_2014_43_en_2014-08-01
act_public_2014_44,act_public,2015,4,4,repealed:4,act_public_2014_44_en_2015-07-01
act_public_2014_45,act_public,2022,28,28,amended:18;inserted:7;repealed:1;replaced:2,act_public_2014_45_en_2022-08-16
act_public_2014_46,act_public,2015,4,4,brought into force:4,act_public_2014_46_en_2015-05-01
act_public_2014_47,act_public,2015,2,2,brought into force:2,act_public_2014_47_en_2015-05-29
act_public_2014_48,act_public,2019,1,1,repealed:1,act_public_2014_48_en_2019-07-01
act_public_2014_5,act_public,2014,1,1,repealed:1,act_public_2014_5_en_2014-08-01
act_public_2014_51,act_public,2025,11,11,amended:4;inserted:3;repealed:1;replaced:3,act_public_2014_51_en_2025-04-05
act_public_2014_52,act_public,2022,27,27,amended:12;brought into force:1;repealed:11;replaced:3,act_public_2014_52_en_2022-07-01
act_public_2014_53,act_public,2015,1,1,repealed:1,act_public_2014_53_en_2015-08-25
act_public_2014_54,act_public,2015,1,1,repealed:1,act_public_2014_54_en_2015-07-01
act_public_2014_56,act_public,2022,213,213,amended:79;inserted:68;repealed:23;replaced:43,act_public_2014_56_en_2022-11-26
act_public_2014_58,act_public,2025,6,6,amended:2;inserted:2;repealed:1;replaced:1,act_public_2014_58_en_2025-11-13
act_public_2014_62,act_public,2015,1,1,brought into force:1,act_public_2014_62_en_2015-07-01
act_public_2014_63,act_public,2015,1,1,brought into force:1,act_public_2014_63_en_2015-04-01
act_public_2014_64,act_public,2015,1,1,brought into force:1,act_public_2014_64_en_2015-07-01
act_public_2014_65,act_public,2015,2,2,brought into force:2,act_public_2014_65_en_2015-07-01
act_public_2014_66,act_public,2024,11,11,amended:5;replaced:6,act_public_2014_66_en_2024-05-01
act_public_2014_68,act_public,2025,47,47,amended:14;inserted:24;repealed:2;replaced:7,act_public_2014_68_en_2025-08-01
act_public_2014_7,act_public,2022,19,19,amended:7;inserted:4;repealed:1;replaced:7,act_public_2014_7_en_2022-07-01
act_public_2014_70,act_public,2015,1,1,repealed:1,act_public_2014_70_en_2015-12-11
act_public_2014_72,act_public,2018,1,1,repealed:1,act_public_2014_72_en_2018-10-01
act_public_2014_73,act_public,2017,1,1,repealed:1,act_public_2014_73_en_2017-09-28
act_public_2014_74,act_public,2026,9,9,amended:6;replaced:3,act_public_2014_74_en_2026-04-05
act_public_2014_75,act_public,2025,15,15,amended:7;inserted:4;replaced:4,act_public_2014_75_en_2025-04-05
act_public_2015_1,act_public,2020,3,3,brought into force:2;repealed:1,act_public_2015_1_en_2020-08-01
act_public_2015_100,act_public,2018,1,1,repealed:1,act_public_2015_100_en_2018-10-01
act_public_2015_110,act_public,2015,1,1,brought into force:1,act_public_2015_110_en_2015-12-11
act_public_2015_112,act_public,2023,27,27,amended:2;inserted:21;repealed:4,act_public_2015_112_en_2023-02-28
act_public_2015_113,act_public,2018,1,1,repealed:1,act_public_2015_113_en_2018-11-26
act_public_2015_116,act_public,2018,1,1,repealed:1,act_public_2015_116_en_2018-11-26
act_public_2015_117,act_public,2020,1,1,repealed:1,act_public_2015_117_en_2020-08-01
act_public_2015_119,act_public,2016,1,1,repealed:1,act_public_2015_119_en_2016-12-17
act_public_2015_41,act_public,2018,1,1,repealed:1,act_public_2015_41_en_2018-11-26
act_public_2015_43,act_public,2018,1,1,repealed:1,act_public_2015_43_en_2018-10-01
act_public_2015_47,act_public,2015,1,1,repealed:1,act_public_2015_47_en_2015-08-25
act_public_2015_48,act_public,2015,1,1,brought into force:1,act_public_2015_48_en_2015-12-07
act_public_2015_49,act_public,2020,4,4,amended:2;brought into force:1;inserted:1,act_public_2015_49_en_2020-04-30
act_public_2015_52,act_public,2019,1,1,repealed:1,act_public_2015_52_en_2019-10-01
act_public_2015_57,act_public,2018,1,1,repealed:1,act_public_2015_57_en_2018-10-01
act_public_2015_58,act_public,2018,2,2,amended:1;repealed:1,act_public_2015_58_en_2018-11-26
act_public_2015_59,act_public,2015,1,1,repealed:1,act_public_2015_59_en_2015-08-25
act_public_2015_63,act_public,2022,31,31,amended:19;brought into force:3;inserted:7;repealed:1;replaced:1,act_public_2015_63_en_2022-03-09
act_public_2015_65,act_public,2018,3,3,amended:1;inserted:1;repealed:1,act_public_2015_65_en_2018-12-19
act_public_2015_66,act_public,2018,10,10,amended:4;repealed:1;replaced:5,act_public_2015_66_en_2018-03-31
act_public_2015_67,act_public,2016,1,1,repealed:1,act_public_2015_67_en_2016-08-18
act_public_2015_68,act_public,2016,1,1,repealed:1,act_public_2015_68_en_2016-07-01
act_public_2015_70,act_public,2025,119,119,amended:45;inserted:22;repealed:25;replaced:27,act_public_2015_70_en_2025-04-05
act_public_2015_71,act_public,2017,3,3,brought into force:3,act_public_2015_71_en_2017-04-01
act_public_2015_72,act_public,2017,2,2,__unclassified__:1;brought into force:1,act_public_2015_72_en_2017-12-01
act_public_2015_74,act_public,2017,2,2,__unclassified__:1;brought into force:1,act_public_2015_74_en_2017-12-01
act_public_2015_82,act_public,2018,1,1,repealed:1,act_public_2015_82_en_2018-11-12
act_public_2015_84,act_public,2022,3,3,amended:2;replaced:1,act_public_2015_84_en_2022-07-01
act_public_2015_87,act_public,2023,7,7,amended:4;brought into force:1;inserted:2,act_public_2015_87_en_2023-12-23
act_public_2015_88,act_public,2015,1,1,brought into force:1,act_public_2015_88_en_2015-12-20
act_public_2015_9,act_public,2023,1,1,repealed:1,act_public_2015_9_en_2023-06-15
act_public_2015_90,act_public,2016,1,1,brought into force:1,act_public_2015_90_en_2016-10-03
act_public_2015_91,act_public,2025,33,33,amended:16;brought into force:1;inserted:12;repealed:2;replaced:2,act_public_2015_91_en_2025-03-30
act_public_2016_10,act_public,2017,1,1,amended:1,act_public_2016_10_en_2017-03-01
act_public_2016_100,act_public,2022,11,11,amended:5;inserted:3;replaced:3,act_public_2016_100_en_2022-04-12
act_public_2016_102,act_public,2021,20,20,repealed:20,act_public_2016_102_en_2021-07-01
act_public_2016_103,act_public,2017,1,1,repealed:1,act_public_2016_103_en_2017-12-05
act_public_2016_14,act_public,2023,311,311,inserted:6;repealed:305,act_public_2016_14_en_2023-07-01
act_public_2016_16,act_public,2026,26,26,amended:6;inserted:14;repealed:2;replaced:4,act_public_2016_16_en_2026-04-05
act_public_2016_17,act_public,2023,11,11,amended:7;inserted:4,act_public_2016_17_en_2023-04-05
act_public_2016_18,act_public,2016,1,1,repealed:1,act_public_2016_18_en_2016-08-18
act_public_2016_2,act_public,2024,24,24,amended:8;inserted:4;repealed:9;replaced:3,act_public_2016_2_en_2024-06-30
act_public_2016_20,act_public,2019,4,4,amended:3;repealed:1,act_public_2016_20_en_2019-10-19
act_public_2016_22,act_public,2017,3,3,amended:2;brought into force:1,act_public_2016_22_en_2017-07-01
act_public_2016_23,act_public,2019,1,1,repealed:1,act_public_2016_23_en_2019-12-09
act_public_2016_25,act_public,2018,3,3,repealed:3,act_public_2016_25_en_2018-10-01
act_public_2016_26,act_public,2017,9,9,repealed:9,act_public_2016_26_en_2017-12-05
act_public_2016_30,act_public,2023,1,1,amended:1,act_public_2016_30_en_2023-12-23
act_public_2016_31,act_public,2016,1,1,repealed:1,act_public_2016_31_en_2016-08-18
act_public_2016_32,act_public,2017,4,4,repealed:4,act_public_2016_32_en_2017-07-01
act_public_2016_33,act_public,2022,11,11,amended:5;inserted:3;replaced:3,act_public_2016_33_en_2022-04-12
act_public_2016_36,act_public,2018,2,2,brought into force:1;repealed:1,act_public_2016_36_en_2018-11-26
act_public_2016_37,act_public,2017,1,1,repealed:1,act_public_2016_37_en_2017-08-11
act_public_2016_38,act_public,2017,1,1,repealed:1,act_public_2016_38_en_2017-07-01
act_public_2016_4,act_public,2019,1,1,repealed:1,act_public_2016_4_en_2019-10-01
act_public_2016_40,act_public,2023,3,3,amended:1;inserted:1;replaced:1,act_public_2016_40_en_2023-12-23
act_public_2016_42,act_public,2026,168,168,amended:50;inserted:79;repealed:9;replaced:30,act_public_2016_42_en_2026-05-01
act_public_2016_44,act_public,2017,1,1,brought into force:1,act_public_2016_44_en_2017-01-08
act_public_2016_48,act_public,2026,70,70,amended:27;inserted:28;repealed:4;replaced:11,act_public_2016_48_en_2026-02-17
act_public_2016_49,act_public,2026,66,66,amended:28;editorial change:2;inserted:19;repealed:10;replaced:7,act_public_2016_49_en_2026-02-17
act_public_2016_50,act_public,2023,2,2,amended:1;replaced:1,act_public_2016_50_en_2023-12-20
act_public_2016_51,act_public,2021,2,2,__unclassified__:1;inserted:1,act_public_2016_51_en_2021-10-28
act_public_2016_52,act_public,2021,3,3,inserted:3,act_public_2016_52_en_2021-10-28
act_public_2016_58,act_public,2017,1,1,repealed:1,act_public_2016_58_en_2017-09-01
act_public_2016_6,act_public,2021,19,19,amended:10;inserted:5;repealed:1;replaced:3,act_public_2016_6_en_2021-10-28
act_public_2016_72,act_public,2020,1,1,repealed:1,act_public_2016_72_en_2020-08-01
act_public_2016_73,act_public,2018,1,1,brought into force:1,act_public_2016_73_en_2018-01-31
act_public_2016_74,act_public,2018,1,1,brought into force:1,act_public_2016_74_en_2018-01-31
act_public_2016_75,act_public,2018,2,2,amended:1;brought into force:1,act_public_2016_75_en_2018-01-31
act_public_2016_76,act_public,2018,1,1,brought into force:1,act_public_2016_76_en_2018-01-31
act_public_2016_78,act_public,2018,1,1,brought into force:1,act_public_2016_78_en_2018-01-31
act_public_2016_79,act_public,2018,1,1,brought into force:1,act_public_2016_79_en_2018-01-31
act_public_2016_80,act_public,2018,1,1,brought into force:1,act_public_2016_80_en_2018-01-31
act_public_2016_85,act_public,2017,4,4,repealed:4,act_public_2016_85_en_2017-05-15
act_public_2016_88,act_public,2016,11,11,amended:5;inserted:3;replaced:3,act_public_2016_88_en_2016-11-29
act_public_2016_89,act_public,2017,1,1,brought into force:1,act_public_2016_89_en_2017-02-24
act_public_2016_9,act_public,2017,4,4,amended:4,act_public_2016_9_en_2017-03-01
act_public_2016_90,act_public,2025,87,87,amended:62;brought into force:1;inserted:13;repealed:6;replaced:5,act_public_2016_90_en_2025-07-31
act_public_2016_92,act_public,2016,1,1,__missing__:1,act_public_2016_92_en_2016-11-29
act_public_2016_93,act_public,2022,13,13,amended:7;inserted:3;replaced:3,act_public_2016_93_en_2022-04-12
act_public_2016_94,act_public,2022,14,14,amended:6;inserted:3;repealed:2;replaced:3,act_public_2016_94_en_2022-04-12
act_public_2016_95,act_public,2022,9,9,amended:6;replaced:3,act_public_2016_95_en_2022-04-12
act_public_2016_96,act_public,2022,36,36,amended:16;inserted:17;replaced:3,act_public_2016_96_en_2022-07-01
act_public_2016_97,act_public,2018,8,8,repealed:8,act_public_2016_97_en_2018-04-01
act_public_2017_10,act_public,2025,48,48,amended:27;inserted:11;repealed:3;replaced:7,act_public_2017_10_en_2025-11-27
act_public_2017_12,act_public,2017,1,1,brought into force:1,act_public_2017_12_en_2017-08-09
act_public_2017_14,act_public,2018,4,4,amended:3;brought into force:1,act_public_2017_14_en_2018-03-29
act_public_2017_15,act_public,2020,19,19,repealed:19,act_public_2017_15_en_2020-07-01
act_public_2017_16,act_public,2017,2,2,brought into force:2,act_public_2017_16_en_2017-08-18
act_public_2017_17,act_public,2025,87,87,amended:35;inserted:22;repealed:9;replaced:21,act_public_2017_17_en_2025-11-13
act_public_2017_19,act_public,2017,1,1,repealed:1,act_public_2017_19_en_2017-08-11
act_public_2017_20,act_public,2020,62,62,amended:19;inserted:1;repealed:40;replaced:2,act_public_2017_20_en_2020-08-01
act_public_2017_22,act_public,2017,1,1,repealed:1,act_public_2017_22_en_2017-12-20
act_public_2017_23,act_public,2017,1,1,repealed:1,act_public_2017_23_en_2017-07-01
act_public_2017_24,act_public,2026,105,105,amended:71;inserted:17;repealed:8;replaced:9,act_public_2017_24_en_2026-01-01
act_public_2017_25,act_public,2017,1,1,repealed:1,act_public_2017_25_en_2017-08-11
act_public_2017_26,act_public,2018,4,4,repealed:4,act_public_2017_26_en_2018-07-01
act_public_2017_28,act_public,2025,1,1,repealed:1,act_public_2017_28_en_2025-11-13
act_public_2017_29,act_public,2025,122,122,amended:72;inserted:40;repealed:2;replaced:8,act_public_2017_29_en_2025-07-29
act_public_2017_3,act_public,2018,2,2,repealed:2,act_public_2017_3_en_2018-04-01
act_public_2017_30,act_public,2025,92,92,amended:51;brought into force:1;inserted:21;repealed:11;replaced:8,act_public_2017_30_en_2025-11-27
act_public_2017_31,act_public,2019,12,12,amended:8;repealed:1;replaced:3,act_public_2017_31_en_2019-07-01
act_public_2017_36,act_public,2018,1,1,repealed:1,act_public_2017_36_en_2018-08-21
act_public_2017_37,act_public,2018,1,1,repealed:1,act_public_2017_37_en_2018-07-01
act_public_2017_38,act_public,2022,10,10,amended:4;inserted:3;replaced:3,act_public_2017_38_en_2022-04-12
act_public_2017_39,act_public,2022,11,11,amended:4;inserted:2;repealed:2;replaced:3,act_public_2017_39_en_2022-04-12
act_public_2017_4,act_public,2025,15,15,amended:11;inserted:1;repealed:1;replaced:2,act_public_2017_4_en_2025-08-01
act_public_2017_41,act_public,2022,9,9,amended:3;inserted:3;replaced:3,act_public_2017_41_en_2022-04-12
act_public_2017_47,act_public,2018,1,1,repealed:1,act_public_2017_47_en_2018-12-19
act_public_2017_49,act_public,2018,1,1,brought into force:1,act_public_2017_49_en_2018-05-27
act_public_2017_5,act_public,2026,31,31,amended:13;inserted:4;repealed:11;replaced:3,act_public_2017_5_en_2026-01-24
act_public_2017_51,act_public,2019,7,7,amended:1;repealed:6,act_public_2017_51_en_2019-03-18
act_public_2017_52,act_public,2025,8,8,amended:3;inserted:2;repealed:2;replaced:1,act_public_2017_52_en_2025-11-13
act_public_2017_7,act_public,2025,12,12,amended:3;inserted:5;repealed:1;replaced:3,act_public_2017_7_en_2025-08-27
act_public_2018_10,act_public,2019,1,1,repealed:1,act_public_2018_10_en_2019-06-30
act_public_2018_11,act_public,2018,1,1,repealed:1,act_public_2018_11_en_2018-12-19
act_public_2018_12,act_public,2018,1,1,repealed:1,act_public_2018_12_en_2018-08-21
act_public_2018_13,act_public,2018,1,1,repealed:1,act_public_2018_13_en_2018-08-21
act_public_2018_14,act_public,2025,12,12,amended:4;inserted:5;replaced:3,act_public_2018_14_en_2025-11-27
act_public_2018_16,act_public,2019,1,1,amended:1,act_public_2018_16_en_2019-03-18
act_public_2018_17,act_public,2019,1,1,brought into force:1,act_public_2018_17_en_2019-04-01
act_public_2018_18,act_public,2022,11,11,amended:4;inserted:1;repealed:3;replaced:3,act_public_2018_18_en_2022-04-12
act_public_2018_19,act_public,2022,6,6,amended:3;replaced:3,act_public_2018_19_en_2022-04-12
act_public_2018_23,act_public,2019,1,1,repealed:1,act_public_2018_23_en_2019-09-24
act_public_2018_24,act_public,2019,1,1,repealed:1,act_public_2018_24_en_2019-07-01
act_public_2018_28,act_public,2022,10,10,amended:4;inserted:3;replaced:3,act_public_2018_28_en_2022-04-12
act_public_2018_29,act_public,2020,1,1,brought into force:1,act_public_2018_29_en_2020-12-13
act_public_2018_30,act_public,2019,1,1,repealed:1,act_public_2018_30_en_2019-11-01
act_public_2018_32,act_public,2026,776,776,amended:290;editorial change:1;inserted:353;repealed:42;replaced:90,act_public_2018_32_en_2026-04-01
act_public_2018_33,act_public,2026,39,39,__missing__:1;amended:26;editorial change:1;inserted:4;repealed:3;replaced:4,act_public_2018_33_en_2026-03-02B
act_public_2018_34,act_public,2022,1,1,amended:1,act_public_2018_34_en_2022-07-01
act_public_2018_35,act_public,2020,1,1,repealed:1,act_public_2018_35_en_2020-08-01
act_public_2018_4,act_public,2025,190,190,amended:54;brought into force:3;inserted:84;repealed:27;replaced:22,act_public_2018_4_en_2025-09-24
act_public_2018_40,act_public,2020,1,1,repealed:1,act_public_2018_40_en_2020-08-01
act_public_2018_43,act_public,2020,1,1,repealed:1,act_public_2018_43_en_2020-08-01
act_public_2018_45,act_public,2019,1,1,brought into force:1,act_public_2018_45_en_2019-01-21
act_public_2018_46,act_public,2024,56,56,amended:32;editorial change:1;inserted:7;repealed:2;replaced:14,act_public_2018_46_en_2024-06-30
act_public_2018_5,act_public,2020,44,44,amended:5;inserted:26;repealed:13,act_public_2018_5_en_2020-03-23
act_public_2018_50,act_public,2019,2,2,brought into force:2,act_public_2018_50_en_2019-10-29
act_public_2018_51,act_public,2019,2,2,brought into force:2,act_public_2018_51_en_2019-10-29
act_public_2018_52,act_public,2021,3,3,repealed:1;replaced:2,act_public_2018_52_en_2021-06-04
act_public_2018_55,act_public,2022,11,11,amended:2;brought into force:1;inserted:5;repealed:1;replaced:2,act_public_2018_55_en_2022-04-12
act_public_2018_56,act_public,2019,1,1,repealed:1,act_public_2018_56_en_2019-12-20
act_public_2018_57,act_public,2022,11,11,amended:6;repealed:3;replaced:2,act_public_2018_57_en_2022-09-01
act_public_2018_6,act_public,2020,1,1,repealed:1,act_public_2018_6_en_2020-08-01
act_public_2018_7,act_public,2020,5,5,amended:5,act_public_2018_7_en_2020-12-01
act_public_2018_8,act_public,2018,1,1,repealed:1,act_public_2018_8_en_2018-08-21
act_public_2019_1,act_public,2024,1,1,repealed:1,act_public_2019_1_en_2024-07-01
act_public_2019_15,act_public,2020,1,1,repealed:1,act_public_2019_15_en_2020-04-01
act_public_2019_18,act_public,2020,1,1,repealed:1,act_public_2019_18_en_2020-08-01
act_public_2019_19,act_public,2025,33,33,amended:19;inserted:7;repealed:2;replaced:5,act_public_2019_19_en_2025-10-25
act_public_2019_20,act_public,2019,1,1,repealed:1,act_public_2019_20_en_2019-09-24
act_public_2019_21,act_public,2024,6,6,amended:1;inserted:3;replaced:2,act_public_2019_21_en_2024-07-01
act_public_2019_28,act_public,2020,9,9,amended:5;brought into force:1;replaced:3,act_public_2019_28_en_2020-09-01
act_public_2019_29,act_public,2022,23,23,amended:10;brought into force:1;inserted:9;repealed:1;replaced:2,act_public_2019_29_en_2022-05-25
act_public_2019_3,act_public,2024,1,1,replaced:1,act_public_2019_3_en_2024-02-22
act_public_2019_33,act_public,2020,5,5,repealed:4;replaced:1,act_public_2019_33_en_2020-03-31
act_public_2019_34,act_public,2019,1,1,repealed:1,act_public_2019_34_en_2019-09-24
act_public_2019_35,act_public,2019,1,1,repealed:1,act_public_2019_35_en_2019-09-24
act_public_2019_38,act_public,2021,2,2,inserted:1;repealed:1,act_public_2019_38_en_2021-10-28
act_public_2019_40,act_public,2025,13,13,amended:3;inserted:7;repealed:1;replaced:2,act_public_2019_40_en_2025-11-27
act_public_2019_43,act_public,2020,1,1,brought into force:1,act_public_2019_43_en_2020-01-04
act_public_2019_44,act_public,2021,1,1,inserted:1,act_public_2019_44_en_2021-10-28
act_public_2019_46,act_public,2021,2,2,amended:1;brought into force:1,act_public_2019_46_en_2021-03-14
act_public_2019_48,act_public,2020,1,1,repealed:1,act_public_2019_48_en_2020-08-07
act_public_2019_49,act_public,2020,1,1,repealed:1,act_public_2019_49_en_2020-07-01
act_public_2019_5,act_public,2020,8,8,amended:5;repealed:2;replaced:1,act_public_2019_5_en_2020-03-23
act_public_2019_50,act_public,2021,14,14,amended:7;inserted:3;repealed:2;replaced:2,act_public_2019_50_en_2021-10-28
act_public_2019_51,act_public,2026,6,6,amended:6,act_public_2019_51_en_2026-05-07
act_public_2019_52,act_public,2020,1,1,repealed:1,act_public_2019_52_en_2020-08-01
act_public_2019_53,act_public,2025,9,9,amended:1;inserted:6;repealed:1;replaced:1,act_public_2019_53_en_2025-03-30
act_public_2019_58,act_public,2026,117,117,amended:37;brought into force:1;inserted:33;repealed:35;replaced:11,act_public_2019_58_en_2026-03-17
act_public_2019_59,act_public,2026,7,7,amended:2;brought into force:1;repealed:4,act_public_2019_59_en_2026-03-17
act_public_2019_65,act_public,2020,1,1,brought into force:1,act_public_2019_65_en_2020-11-30
act_public_2019_66,act_public,2021,4,4,amended:2;brought into force:1;inserted:1,act_public_2019_66_en_2021-10-28
act_public_2019_67,act_public,2021,3,3,brought into force:1;inserted:2,act_public_2019_67_en_2021-10-28
act_public_2019_71,act_public,2022,5,5,inserted:4;repealed:1,act_public_2019_71_en_2022-07-02
act_public_2019_73,act_public,2023,5,5,amended:1;inserted:1;repealed:2;replaced:1,act_public_2019_73_en_2023-12-23
act_public_2019_76,act_public,2025,8,8,amended:6;replaced:2,act_public_2019_76_en_2025-11-27
act_public_2019_78,act_public,2020,1,1,repealed:1,act_public_2019_78_en_2020-08-01
act_public_2019_79,act_public,2023,106,106,amended:43;inserted:52;repealed:1;replaced:10,act_public_2019_79_en_2023-11-28
act_public_2019_8,act_public,2021,14,14,amended:5;brought into force:2;repealed:5;replaced:2,act_public_2019_8_en_2021-03-15
act_public_2019_81,act_public,2021,10,10,amended:3;brought into force:4;inserted:2;replaced:1,act_public_2019_81_en_2021-12-01
act_public_2019_82,act_public,2020,1,1,repealed:1,act_public_2019_82_en_2020-12-12
act_public_2020_1,act_public,2020,1,1,repealed:1,act_public_2020_1_en_2020-08-01
act_public_2020_11,act_public,2020,1,1,repealed:1,act_public_2020_11_en_2020-08-07
act_public_2020_12,act_public,2024,224,224,amended:66;inserted:48;repealed:89;replaced:21,act_public_2020_12_en_2024-11-26
act_public_2020_14,act_public,2023,80,80,__unclassified__:3;amended:48;inserted:6;repealed:17;replaced:6,act_public_2020_14_en_2023-10-01
act_public_2020_19,act_public,2021,18,18,amended:14;repealed:1;replaced:3,act_public_2020_19_en_2021-11-28
act_public_2020_21,act_public,2021,2,2,brought into force:2,act_public_2020_21_en_2021-06-07
act_public_2020_22,act_public,2022,22,22,amended:12;inserted:9;replaced:1,act_public_2020_22_en_2022-08-06
act_public_2020_24,act_public,2020,1,1,repealed:1,act_public_2020_24_en_2020-08-07
act_public_2020_25,act_public,2020,1,1,repealed:1,act_public_2020_25_en_2020-08-07
act_public_2020_28,act_public,2026,135,135,amended:19;brought into force:1;inserted:102;repealed:5;replaced:8,act_public_2020_28_en_2026-04-10
act_public_2020_30,act_public,2022,1,1,brought into force:1,act_public_2020_30_en_2022-11-30
act_public_2020_31,act_public,2026,114,114,amended:48;editorial change:3;inserted:40;repealed:10;replaced:13,act_public_2020_31_en_2026-05-01
act_public_2020_32,act_public,2024,5,5,amended:3;inserted:1;repealed:1,act_public_2020_32_en_2024-06-30
act_public_2020_35,act_public,2023,7,7,amended:2;inserted:2;repealed:1;replaced:2,act_public_2020_35_en_2023-07-08
act_public_2020_36,act_public,2020,2,2,amended:2,act_public_2020_36_en_2020-08-01
act_public_2020_37,act_public,2022,1,1,amended:1,act_public_2020_37_en_2022-04-12
act_public_2020_38,act_public,2026,1673,1673,__unclassified__:1;amended:677;inserted:617;repealed:173;replaced:205,act_public_2020_38_en_2026-05-08
act_public_2020_39,act_public,2021,1,1,brought into force:1,act_public_2020_39_en_2021-10-14
act_public_2020_4,act_public,2021,2,2,amended:1;inserted:1,act_public_2020_4_en_2021-10-28
act_public_2020_40,act_public,2026,98,98,amended:14;inserted:21;repealed:58;replaced:5,act_public_2020_40_en_2026-04-01
act_public_2020_42,act_public,2026,301,301,amended:188;inserted:29;repealed:30;replaced:54,act_public_2020_42_en_2026-05-07
act_public_2020_43,act_public,2021,15,15,amended:1;inserted:8;repealed:3;replaced:3,act_public_2020_43_en_2021-10-28
act_public_2020_45,act_public,2022,2,2,amended:1;repealed:1,act_public_2020_45_en_2022-11-30
act_public_2020_47,act_public,2023,57,57,amended:34;inserted:18;repealed:3;replaced:2,act_public_2020_47_en_2023-12-23
act_public_2020_5,act_public,2022,5,5,amended:1;repealed:4,act_public_2020_5_en_2022-03-30
act_public_2020_52,act_public,2025,88,88,amended:46;brought into force:2;inserted:18;repealed:7;replaced:15,act_public_2020_52_en_2025-08-27
act_public_2020_55,act_public,2021,1,1,repealed:1,act_public_2020_55_en_2021-09-14
act_public_2020_57,act_public,2024,1,1,repealed:1,act_public_2020_57_en_2024-11-26
act_public_2020_60,act_public,2025,88,88,amended:8;inserted:78;repealed:1;replaced:1,act_public_2020_60_en_2025-01-01
act_public_2020_61,act_public,2022,1,1,repealed:1,act_public_2020_61_en_2022-07-01
act_public_2020_63,act_public,2021,1,1,repealed:1,act_public_2020_63_en_2021-12-08
act_public_2020_64,act_public,2024,1,1,repealed:1,act_public_2020_64_en_2024-11-26
act_public_2020_65,act_public,2021,1,1,amended:1,act_public_2020_65_en_2021-03-30
act_public_2020_66,act_public,2021,1,1,repealed:1,act_public_2020_66_en_2021-12-14
act_public_2020_7,act_public,2020,1,1,repealed:1,act_public_2020_7_en_2020-07-01
act_public_2020_8,act_public,2021,1,1,inserted:1,act_public_2020_8_en_2021-03-30
act_public_2021_11,act_public,2022,1,1,replaced:1,act_public_2021_11_en_2022-04-12
act_public_2021_13,act_public,2024,20,20,amended:16;brought into force:1;inserted:1;repealed:2,act_public_2021_13_en_2024-03-01
act_public_2021_15,act_public,2021,1,1,repealed:1,act_public_2021_15_en_2021-09-14
act_public_2021_17,act_public,2021,1,1,brought into force:1,act_public_2021_17_en_2021-11-24
act_public_2021_19,act_public,2021,2,2,brought into force:1;inserted:1,act_public_2021_19_en_2021-11-01
act_public_2021_20,act_public,2024,1,1,repealed:1,act_public_2021_20_en_2024-11-26
act_public_2021_22,act_public,2021,1,1,repealed:1,act_public_2021_22_en_2021-09-14
act_public_2021_23,act_public,2021,1,1,repealed:1,act_public_2021_23_en_2021-09-14
act_public_2021_31,act_public,2025,28,28,amended:16;brought into force:1;inserted:6;repealed:1;replaced:4,act_public_2021_31_en_2025-11-27
act_public_2021_34,act_public,2022,1,1,repealed:1,act_public_2021_34_en_2022-09-22
act_public_2021_35,act_public,2022,1,1,repealed:1,act_public_2021_35_en_2022-07-01
act_public_2021_36,act_public,2025,458,458,amended:294;brought into force:2;inserted:115;repealed:29;replaced:18,act_public_2021_36_en_2025-11-27
act_public_2021_40,act_public,2022,1,1,brought into force:1,act_public_2021_40_en_2022-01-01
act_public_2021_48,act_public,2024,3,3,brought into force:2;repealed:1,act_public_2021_48_en_2024-11-26
act_public_2021_55,act_public,2021,7,7,amended:4;inserted:1;repealed:1;replaced:1,act_public_2021_55_en_2021-12-21
act_public_2021_56,act_public,2022,1,1,repealed:1,act_public_2021_56_en_2022-12-17
act_public_2021_57,act_public,2025,6,6,amended:4;inserted:2,act_public_2021_57_en_2025-11-27
act_public_2021_6,act_public,2022,3,3,amended:1;brought into force:2,act_public_2021_6_en_2022-03-31
act_public_2021_7,act_public,2026,3,3,brought into force:1;repealed:2,act_public_2021_7_en_2026-03-17
act_public_2021_8,act_public,2021,1,1,__missing__:1,act_public_2021_8_en_2021-03-30B
act_public_2022_10,act_public,2025,32,32,amended:29;inserted:1;repealed:1;replaced:1,act_public_2022_10_en_2025-03-31
act_public_2022_12,act_public,2025,8,8,amended:8,act_public_2022_12_en_2025-11-27
act_public_2022_17,act_public,2022,1,1,repealed:1,act_public_2022_17_en_2022-09-22
act_public_2022_19,act_public,2023,2,2,brought into force:2,act_public_2022_19_en_2023-05-09
act_public_2022_20,act_public,2025,21,21,amended:2;inserted:10;repealed:1;replaced:8,act_public_2022_20_en_2025-01-26
act_public_2022_21,act_public,2025,2,2,repealed:2,act_public_2022_21_en_2025-12-01
act_public_2022_26,act_public,2025,1,1,repealed:1,act_public_2022_26_en_2025-04-01
act_public_2022_30,act_public,2026,182,182,amended:61;inserted:72;repealed:38;replaced:11,act_public_2022_30_en_2026-01-15
act_public_2022_33,act_public,2022,1,1,repealed:1,act_public_2022_33_en_2022-09-22
act_public_2022_34,act_public,2022,1,1,repealed:1,act_public_2022_34_en_2022-09-22
act_public_2022_36,act_public,2025,2,2,brought into force:2,act_public_2022_36_en_2025-03-31
act_public_2022_43,act_public,2025,47,47,amended:13;brought into force:1;inserted:22;repealed:5;replaced:6,act_public_2022_43_en_2025-08-01
act_public_2022_44,act_public,2025,123,123,amended:85;inserted:16;repealed:12;replaced:10,act_public_2022_44_en_2025-11-27
act_public_2022_47,act_public,2023,1,1,repealed:1,act_public_2022_47_en_2023-08-25
act_public_2022_48,act_public,2023,1,1,repealed:1,act_public_2022_48_en_2023-07-01
act_public_2022_58,act_public,2023,3,3,expired:2;repealed:1,act_public_2022_58_en_2023-12-20
act_public_2022_59,act_public,2023,1,1,brought into force:1,act_public_2022_59_en_2023-05-31
act_public_2022_60,act_public,2026,2,2,brought into force:1;repealed:1,act_public_2022_60_en_2026-01-01
act_public_2022_61,act_public,2025,5,5,amended:1;brought into force:1;inserted:3,act_public_2022_61_en_2025-07-29
act_public_2022_66,act_public,2024,2,2,brought into force:1;repealed:1,act_public_2022_66_en_2024-11-26
act_public_2022_71,act_public,2023,2,2,amended:1;editorial change:1,act_public_2022_71_en_2023-05-10
act_public_2022_72,act_public,2023,25,25,amended:14;inserted:8;replaced:3,act_public_2022_72_en_2023-05-10
act_public_2022_76,act_public,2022,1,1,editorial change:1,act_public_2022_76_en_2022-12-12B
act_public_2022_77,act_public,2024,840,840,amended:82;inserted:666;repealed:19;replaced:73,act_public_2022_77_en_2024-02-17
act_public_2022_79,act_public,2024,22,22,amended:1;repealed:21,act_public_2022_79_en_2024-03-06
act_public_2022_82,act_public,2023,1,1,repealed:1,act_public_2022_82_en_2023-12-23
act_public_2023_1,act_public,2023,1,1,replaced:1,act_public_2023_1_en_2023-12-23
act_public_2023_10,act_public,2024,7,7,amended:5;editorial change:2,act_public_2023_10_en_2024-12-28B
act_public_2023_17,act_public,2026,38,38,repealed:38,act_public_2023_17_en_2026-04-01
act_public_2023_19,act_public,2023,1,1,repealed:1,act_public_2023_19_en_2023-08-25
act_public_2023_20,act_public,2025,70,70,amended:25;repealed:40;replaced:5,act_public_2023_20_en_2025-07-31
act_public_2023_24,act_public,2023,1,1,brought into force:1,act_public_2023_24_en_2023-07-13
act_public_2023_31,act_public,2023,1,1,brought into force:1,act_public_2023_31_en_2023-09-28
act_public_2023_32,act_public,2023,1,1,repealed:1,act_public_2023_32_en_2023-08-25
act_public_2023_33,act_public,2023,1,1,repealed:1,act_public_2023_33_en_2023-08-25
act_public_2023_35,act_public,2025,4,4,amended:2;editorial change:2,act_public_2023_35_en_2025-07-31
act_public_2023_37,act_public,2024,2,2,repealed:2,act_public_2023_37_en_2024-12-18
act_public_2023_40,act_public,2024,1,1,repealed:1,act_public_2023_40_en_2024-03-08
act_public_2023_41,act_public,2023,3,3,amended:3,act_public_2023_41_en_2023-12-23
act_public_2023_42,act_public,2025,6,6,amended:2;editorial change:4,act_public_2023_42_en_2025-11-27
act_public_2023_46,act_public,2023,1,1,repealed:1,act_public_2023_46_en_2023-12-23
act_public_2023_47,act_public,2023,1,1,repealed:1,act_public_2023_47_en_2023-12-23
act_public_2023_5,act_public,2026,38,38,amended:20;inserted:8;repealed:7;replaced:3,act_public_2023_5_en_2026-03-31
act_public_2023_50,act_public,2024,1,1,repealed:1,act_public_2023_50_en_2024-10-01
act_public_2023_51,act_public,2024,1,1,repealed:1,act_public_2023_51_en_2024-07-01
act_public_2023_52,act_public,2024,1,1,repealed:1,act_public_2023_52_en_2024-02-17
act_public_2023_54,act_public,2024,1,1,repealed:1,act_public_2023_54_en_2024-02-17
act_public_2023_55,act_public,2023,1,1,repealed:1,act_public_2023_55_en_2023-12-23
act_public_2023_57,act_public,2024,25,25,amended:1;repealed:24,act_public_2023_57_en_2024-07-31
act_public_2023_6,act_public,2023,1,1,brought into force:1,act_public_2023_6_en_2023-07-27
act_public_2023_65,act_public,2024,1,1,repealed:1,act_public_2023_65_en_2024-01-18
act_public_2023_67,act_public,2024,1,1,repealed:1,act_public_2023_67_en_2024-12-24
act_public_2023_68,act_public,2024,7,7,repealed:7,act_public_2023_68_en_2024-12-24
act_public_2023_70,act_public,2025,1,1,repealed:1,act_public_2023_70_en_2025-01-01
act_public_2024_1,act_public,2025,1,1,repealed:1,act_public_2024_1_en_2025-07-01
act_public_2024_10,act_public,2024,1,1,brought into force:1,act_public_2024_10_en_2024-05-01
act_public_2024_11,act_public,2024,1,1,editorial change:1,act_public_2024_11_en_2024-03-28B
act_public_2024_12,act_public,2024,1,1,repealed:1,act_public_2024_12_en_2024-07-01
act_public_2024_14,act_public,2024,1,1,repealed:1,act_public_2024_14_en_2024-10-01
act_public_2024_15,act_public,2024,1,1,editorial change:1,act_public_2024_15_en_2024-06-04B
act_public_2024_2,act_public,2025,1,1,repealed:1,act_public_2024_2_en_2025-02-17
act_public_2024_22,act_public,2024,1,1,repealed:1,act_public_2024_22_en_2024-10-01
act_public_2024_23,act_public,2024,1,1,repealed:1,act_public_2024_23_en_2024-10-01
act_public_2024_27,act_public,2026,1,1,amended:1,act_public_2024_27_en_2026-03-31
act_public_2024_31,act_public,2025,20,20,amended:8;editorial change:1;inserted:3;repealed:1;replaced:7,act_public_2024_31_en_2025-08-27B
act_public_2024_34,act_public,2024,1,1,editorial change:1,act_public_2024_34_en_2024-09-02B
act_public_2024_36,act_public,2026,7,7,__unclassified__:2;amended:1;inserted:3;repealed:1,act_public_2024_36_en_2026-02-02
act_public_2024_38,act_public,2025,1,1,repealed:1,act_public_2024_38_en_2025-09-18
act_public_2024_39,act_public,2025,1,1,repealed:1,act_public_2024_39_en_2025-07-01
act_public_2024_40,act_public,2024,1,1,editorial change:1,act_public_2024_40_en_2024-09-30B
act_public_2024_43,act_public,2024,1,1,editorial change:1,act_public_2024_43_en_2024-10-24B
act_public_2024_47,act_public,2024,2,2,editorial change:2,act_public_2024_47_en_2024-11-15B
act_public_2024_5,act_public,2024,1,1,__unclassified__:1,act_public_2024_5_en_2024-03-05B
act_public_2024_52,act_public,2024,2,2,editorial change:2,act_public_2024_52_en_2024-12-17B
act_public_2024_53,act_public,2024,1,1,editorial change:1,act_public_2024_53_en_2024-12-17B
act_public_2024_55,act_public,2025,1,1,repealed:1,act_public_2024_55_en_2025-01-15
act_public_2024_56,act_public,2026,245,245,amended:127;editorial change:15;inserted:68;repealed:1;replaced:34,act_public_2024_56_en_2026-05-07
act_public_2024_58,act_public,2025,1,1,repealed:1,act_public_2024_58_en_2025-12-20
act_public_2024_8,act_public,2024,1,1,repealed:1,act_public_2024_8_en_2024-04-06
act_public_2025_1,act_public,2025,2,2,editorial change:2,act_public_2025_1_en_2025-02-01B
act_public_2025_10,act_public,2025,2,2,__unclassified__:2,act_public_2025_10_en_2025-03-29B
act_public_2025_11,act_public,2025,6,6,editorial change:6,act_public_2025_11_en_2025-03-29B
act_public_2025_13,act_public,2025,1,1,editorial change:1,act_public_2025_13_en_2025-03-29B
act_public_2025_14,act_public,2026,5,5,amended:4;editorial change:1,act_public_2025_14_en_2026-01-24
act_public_2025_15,act_public,2025,1,1,editorial change:1,act_public_2025_15_en_2025-03-29B
act_public_2025_17,act_public,2025,1,1,editorial change:1,act_public_2025_17_en_2025-03-29B
act_public_2025_18,act_public,2025,3,3,amended:1;editorial change:1;replaced:1,act_public_2025_18_en_2025-07-31
act_public_2025_19,act_public,2025,2,2,editorial change:2,act_public_2025_19_en_2025-04-07B
act_public_2025_2,act_public,2025,1,1,editorial change:1,act_public_2025_2_en_2025-02-17B
act_public_2025_20,act_public,2025,1,1,editorial change:1,act_public_2025_20_en_2025-04-07B
act_public_2025_21,act_public,2025,1,1,editorial change:1,act_public_2025_21_en_2025-05-13B
act_public_2025_22,act_public,2025,1,1,editorial change:1,act_public_2025_22_en_2025-05-13B
act_public_2025_23,act_public,2025,2,2,editorial change:1;repealed:1,act_public_2025_23_en_2025-09-18
act_public_2025_24,act_public,2025,1,1,editorial change:1,act_public_2025_24_en_2025-05-21B
act_public_2025_25,act_public,2025,1,1,editorial change:1,act_public_2025_25_en_2025-05-21B
act_public_2025_26,act_public,2026,2,2,amended:1;editorial change:1,act_public_2025_26_en_2026-03-31
act_public_2025_28,act_public,2025,2,2,editorial change:1;repealed:1,act_public_2025_28_en_2025-09-18
act_public_2025_29,act_public,2025,1,1,repealed:1,act_public_2025_29_en_2025-09-18
act_public_2025_3,act_public,2025,1,1,editorial change:1,act_public_2025_3_en_2025-02-24B
act_public_2025_32,act_public,2025,2,2,__unclassified__:2,act_public_2025_32_en_2025-06-27B
act_public_2025_35,act_public,2025,1,1,__unclassified__:1,act_public_2025_35_en_2025-06-30B
act_public_2025_36,act_public,2025,1,1,editorial change:1,act_public_2025_36_en_2025-06-30B
act_public_2025_39,act_public,2025,1,1,editorial change:1,act_public_2025_39_en_2025-07-30B
act_public_2025_4,act_public,2025,1,1,editorial change:1,act_public_2025_4_en_2025-02-24B
act_public_2025_40,act_public,2025,1,1,editorial change:1,act_public_2025_40_en_2025-08-05B
act_public_2025_41,act_public,2025,3,3,editorial change:3,act_public_2025_41_en_2025-08-20B
act_public_2025_42,act_public,2025,1,1,editorial change:1,act_public_2025_42_en_2025-08-26B
act_public_2025_43,act_public,2025,8,8,editorial change:8,act_public_2025_43_en_2025-08-26B
act_public_2025_44,act_public,2025,1,1,editorial change:1,act_public_2025_44_en_2025-08-26B
act_public_2025_45,act_public,2025,1,1,editorial change:1,act_public_2025_45_en_2025-08-26B
act_public_2025_46,act_public,2025,1,1,editorial change:1,act_public_2025_46_en_2025-08-26B
act_public_2025_47,act_public,2025,1,1,editorial change:1,act_public_2025_47_en_2025-09-17B
act_public_2025_48,act_public,2025,1,1,editorial change:1,act_public_2025_48_en_2025-09-17B
act_public_2025_49,act_public,2025,3,3,editorial change:3,act_public_2025_49_en_2025-09-17B
act_public_2025_5,act_public,2025,1,1,editorial change:1,act_public_2025_5_en_2025-03-12B
act_public_2025_51,act_public,2025,1,1,editorial change:1,act_public_2025_51_en_2025-09-23B
act_public_2025_52,act_public,2025,1,1,editorial change:1,act_public_2025_52_en_2025-09-23B
act_public_2025_53,act_public,2025,1,1,editorial change:1,act_public_2025_53_en_2025-09-23B
act_public_2025_54,act_public,2025,1,1,editorial change:1,act_public_2025_54_en_2025-10-10B
act_public_2025_55,act_public,2025,1,1,editorial change:1,act_public_2025_55_en_2025-10-16B
act_public_2025_56,act_public,2025,1,1,editorial change:1,act_public_2025_56_en_2025-10-21B
act_public_2025_57,act_public,2025,2,2,editorial change:2,act_public_2025_57_en_2025-10-24B
act_public_2025_58,act_public,2025,1,1,editorial change:1,act_public_2025_58_en_2025-10-24B
act_public_2025_59,act_public,2025,3,3,__unclassified__:2;editorial change:1,act_public_2025_59_en_2025-10-24B
act_public_2025_6,act_public,2025,1,1,editorial change:1,act_public_2025_6_en_2025-03-12B
act_public_2025_60,act_public,2025,1,1,editorial change:1,act_public_2025_60_en_2025-10-24B
act_public_2025_61,act_public,2025,1,1,__unclassified__:1,act_public_2025_61_en_2025-11-12B
act_public_2025_62,act_public,2025,5,5,__unclassified__:2;editorial change:3,act_public_2025_62_en_2025-11-12B
act_public_2025_64,act_public,2026,2,2,amended:1;editorial change:1,act_public_2025_64_en_2026-05-07
act_public_2025_65,act_public,2025,1,1,editorial change:1,act_public_2025_65_en_2025-11-18B
act_public_2025_66,act_public,2025,1,1,editorial change:1,act_public_2025_66_en_2025-11-18B
act_public_2025_67,act_public,2025,1,1,editorial change:1,act_public_2025_67_en_2025-11-18B
act_public_2025_69,act_public,2025,1,1,__unclassified__:1,act_public_2025_69_en_2025-11-26B
act_public_2025_7,act_public,2025,1,1,editorial change:1,act_public_2025_7_en_2025-03-12B
act_public_2025_71,act_public,2025,1,1,__unclassified__:1,act_public_2025_71_en_2025-11-26B
act_public_2025_72,act_public,2025,1,1,__unclassified__:1,act_public_2025_72_en_2025-11-26B
act_public_2025_74,act_public,2025,1,1,__unclassified__:1,act_public_2025_74_en_2025-11-26B
act_public_2025_75,act_public,2025,5,5,__unclassified__:4;editorial change:1,act_public_2025_75_en_2025-11-27C
act_public_2025_76,act_public,2025,1,1,__unclassified__:1,act_public_2025_76_en_2025-11-27B
act_public_2025_77,act_public,2025,1,1,__unclassified__:1,act_public_2025_77_en_2025-12-16B
act_public_2025_78,act_public,2025,1,1,__unclassified__:1,act_public_2025_78_en_2025-12-16B
act_public_2025_79,act_public,2025,1,1,__unclassified__:1,act_public_2025_79_en_2025-12-16B
act_public_2025_8,act_public,2025,1,1,editorial change:1,act_public_2025_8_en_2025-03-13B
act_public_2025_80,act_public,2025,1,1,__unclassified__:1,act_public_2025_80_en_2025-12-16B
act_public_2025_81,act_public,2025,1,1,editorial change:1,act_public_2025_81_en_2025-12-19C
act_public_2025_82,act_public,2025,1,1,__unclassified__:1,act_public_2025_82_en_2025-12-19B
act_public_2025_83,act_public,2025,1,1,__unclassified__:1,act_public_2025_83_en_2025-12-19B
act_public_2025_84,act_public,2025,1,1,__unclassified__:1,act_public_2025_84_en_2025-12-19B
act_public_2025_9,act_public,2026,4,4,amended:3;editorial change:1,act_public_2025_9_en_2026-03-31B
act_public_2026_1,act_public,2026,1,1,editorial change:1,act_public_2026_1_en_2026-02-01B
act_public_2026_10,act_public,2026,1,1,editorial change:1,act_public_2026_10_en_2026-04-02B
act_public_2026_11,act_public,2026,1,1,editorial change:1,act_public_2026_11_en_2026-04-02B
act_public_2026_12,act_public,2026,1,1,editorial change:1,act_public_2026_12_en_2026-04-09B
act_public_2026_13,act_public,2026,1,1,editorial change:1,act_public_2026_13_en_2026-04-28B
act_public_2026_15,act_public,2026,1,1,editorial change:1,act_public_2026_15_en_2026-05-06B
act_public_2026_2,act_public,2026,1,1,editorial change:1,act_public_2026_2_en_2026-02-09B
act_public_2026_3,act_public,2026,1,1,editorial change:1,act_public_2026_3_en_2026-02-20B
act_public_2026_4,act_public,2026,1,1,editorial change:1,act_public_2026_4_en_2026-02-20B
act_public_2026_5,act_public,2026,1,1,editorial change:1,act_public_2026_5_en_2026-02-20B
act_public_2026_6,act_public,2026,1,1,editorial change:1,act_public_2026_6_en_2026-03-10C
act_public_2026_7,act_public,2026,2,2,editorial change:2,act_public_2026_7_en_2026-03-16B
act_public_2026_8,act_public,2026,1,1,editorial change:1,act_public_2026_8_en_2026-03-30C
